-- phpMyAdmin SQL Dump
-- version 5.2.0
-- https://www.phpmyadmin.net/
--
-- Host: 127.0.0.1
-- Waktu pembuatan: 05 Jul 2022 pada 14.57
-- Versi server: 10.4.24-MariaDB
-- Versi PHP: 8.1.6

SET SQL_MODE = "NO_AUTO_VALUE_ON_ZERO";
START TRANSACTION;
SET time_zone = "+00:00";


/*!40101 SET @OLD_CHARACTER_SET_CLIENT=@@CHARACTER_SET_CLIENT */;
/*!40101 SET @OLD_CHARACTER_SET_RESULTS=@@CHARACTER_SET_RESULTS */;
/*!40101 SET @OLD_COLLATION_CONNECTION=@@COLLATION_CONNECTION */;
/*!40101 SET NAMES utf8mb4 */;

--
-- Database: `db_peramalan`
--

-- --------------------------------------------------------

--
-- Struktur dari tabel `tb_barang`
--

CREATE TABLE `tb_barang` (
  `kode_barang` varchar(7) NOT NULL,
  `id_satuan` int(11) NOT NULL,
  `nama_barang` varchar(50) NOT NULL,
  `stok` int(4) NOT NULL,
  `harga_beli` int(11) NOT NULL,
  `harga_jual` int(11) NOT NULL,
  `tanggal` timestamp NOT NULL DEFAULT current_timestamp()
) ENGINE=InnoDB DEFAULT CHARSET=latin1;

--
-- Dumping data untuk tabel `tb_barang`
--

INSERT INTO `tb_barang` (`kode_barang`, `id_satuan`, `nama_barang`, `stok`, `harga_beli`, `harga_jual`, `tanggal`) VALUES
('ARJ001', 3, 'Beras Arjuno 20 Kg', 100, 155000, 160000, '2022-12-31 13:45:56'),
('ARJ002', 3, 'Beras Arjuno 5 Kg', 100, 45000, 50000, '2022-12-31 13:45:56'),
('BRA001', 3, 'Beras Perisa / Apel', 100, 49000, 55000, '2022-12-31 13:45:56'),
('BRA002', 3, 'Beras Apel Merah 10', 100, 96000, 107000, '2022-12-31 13:45:56'),
('BRB001', 3, 'Beras Biso 5 Kg', 100, 52000, 60000, '2022-12-31 13:45:56'),
('BRL001', 3, 'Beras Lumba - Lumba 25 Kg', 100, 240000, 255000, '2022-12-31 13:45:56'),
('BRS001', 3, 'Beras Durian / Sawo 25 Kg', 100, 225000, 250000, '2022-12-31 13:45:56'),
('BRU001', 3, 'Beras Uenak 25 Kg', 100, 238000, 260000, '2022-12-31 13:45:56'),
('MTR001', 3, 'Beras Mentari 25 kg', 100, 240000, 260000, '2022-06-19 15:08:32'),
('MTR002', 3, 'Beras Mentari 5 Kg', 100, 52500, 58000, '2022-12-31 13:45:56');

-- --------------------------------------------------------

--
-- Struktur dari tabel `tb_penjualan_detail`
--

CREATE TABLE `tb_penjualan_detail` (
  `id_penjualan_detail` int(11) NOT NULL,
  `kd_order` varchar(40) NOT NULL,
  `kode_barang` varchar(7) NOT NULL,
  `permintaan` int(11) NOT NULL
) ENGINE=InnoDB DEFAULT CHARSET=utf8mb4;

--
-- Dumping data untuk tabel `tb_penjualan_detail`
--

INSERT INTO `tb_penjualan_detail` (`id_penjualan_detail`, `kd_order`, `kode_barang`, `permintaan`) VALUES
(1, 'INV-000001', 'MTR001', 8),
(2, 'INV-000002', 'MTR001', 9),
(3, 'INV-000003', 'MTR001', 10),
(4, 'INV-000004', 'MTR001', 12),
(5, 'INV-000005', 'MTR001', 12),
(6, 'INV-000006', 'MTR001', 15),
(7, 'INV-000007', 'MTR001', 10),
(8, 'INV-000008', 'MTR001', 11),
(9, 'INV-000009', 'MTR001', 12),
(10, 'INV-000010', 'MTR001', 15),
(11, 'INV-000011', 'MTR001', 7),
(12, 'INV-000012', 'MTR001', 12),
(13, 'INV-000013', 'MTR001', 10),
(14, 'INV-000014', 'MTR001', 13),
(15, 'INV-000015', 'MTR001', 14),
(16, 'INV-000016', 'MTR001', 18),
(17, 'INV-000017', 'MTR001', 15),
(18, 'INV-000018', 'MTR001', 13),
(19, 'INV-000019', 'MTR001', 8),
(20, 'INV-000020', 'MTR001', 11),
(21, 'INV-000021', 'MTR001', 15),
(22, 'INV-000022', 'MTR001', 11),
(23, 'INV-000023', 'MTR001', 9),
(24, 'INV-000024', 'MTR001', 10),
(25, 'INV-000025', 'MTR001', 13),
(26, 'INV-000026', 'MTR001', 8),
(27, 'INV-000027', 'MTR001', 9),
(28, 'INV-000028', 'MTR001', 7),
(29, 'INV-000029', 'MTR001', 10),
(30, 'INV-000030', 'MTR001', 15),
(31, 'INV-000031', 'MTR001', 16),
(32, 'INV-000032', 'MTR001', 9),
(33, 'INV-000033', 'MTR001', 7),
(34, 'INV-000034', 'MTR001', 10),
(35, 'INV-000035', 'MTR001', 15),
(36, 'INV-000036', 'MTR001', 16),
(37, 'INV-000037', 'MTR001', 10),
(38, 'INV-000038', 'MTR001', 14),
(39, 'INV-000039', 'MTR001', 9),
(40, 'INV-000040', 'MTR001', 10),
(41, 'INV-000041', 'MTR001', 12),
(42, 'INV-000042', 'MTR001', 13),
(43, 'INV-000043', 'MTR001', 15),
(44, 'INV-000044', 'MTR001', 16),
(45, 'INV-000045', 'MTR001', 10),
(46, 'INV-000046', 'MTR001', 14),
(47, 'INV-000047', 'MTR001', 16),
(48, 'INV-000048', 'MTR001', 18),
(49, 'INV-000049', 'MTR001', 12),
(50, 'INV-000050', 'MTR001', 15),
(51, 'INV-000051', 'MTR001', 9),
(52, 'INV-000052', 'MTR001', 9),
(53, 'INV-000053', 'MTR001', 10),
(54, 'INV-000054', 'MTR001', 12),
(55, 'INV-000055', 'MTR001', 13),
(56, 'INV-000056', 'MTR001', 15),
(57, 'INV-000057', 'MTR001', 16),
(58, 'INV-000058', 'MTR001', 10),
(59, 'INV-000059', 'MTR001', 12),
(60, 'INV-000060', 'MTR001', 13),
(61, 'INV-000061', 'MTR001', 12),
(62, 'INV-000062', 'MTR001', 16),
(63, 'INV-000063', 'MTR001', 12),
(64, 'INV-000064', 'MTR001', 10),
(65, 'INV-000065', 'MTR001', 9),
(66, 'INV-000066', 'MTR001', 8),
(67, 'INV-000067', 'MTR001', 8),
(68, 'INV-000068', 'MTR001', 11),
(69, 'INV-000069', 'MTR001', 10),
(70, 'INV-000070', 'MTR001', 10),
(71, 'INV-000071', 'MTR001', 12),
(72, 'INV-000072', 'MTR001', 12),
(73, 'INV-000073', 'MTR001', 12),
(74, 'INV-000074', 'MTR001', 10),
(75, 'INV-000075', 'MTR001', 12),
(76, 'INV-000076', 'MTR001', 13),
(77, 'INV-000077', 'MTR001', 10),
(78, 'INV-000078', 'MTR001', 11),
(79, 'INV-000079', 'MTR001', 16),
(80, 'INV-000080', 'MTR001', 13),
(81, 'INV-000081', 'MTR001', 9),
(82, 'INV-000082', 'MTR001', 11),
(83, 'INV-000083', 'MTR001', 10),
(84, 'INV-000084', 'MTR001', 10),
(85, 'INV-000085', 'MTR001', 12),
(86, 'INV-000086', 'MTR001', 12),
(87, 'INV-000087', 'MTR001', 13),
(88, 'INV-000088', 'MTR001', 15),
(89, 'INV-000089', 'MTR001', 15),
(90, 'INV-000090', 'MTR001', 13),
(91, 'INV-000091', 'MTR001', 10),
(92, 'INV-000092', 'MTR001', 13),
(93, 'INV-000093', 'MTR001', 15),
(94, 'INV-000094', 'MTR001', 13),
(95, 'INV-000095', 'MTR001', 13),
(96, 'INV-000096', 'MTR001', 12),
(97, 'INV-000097', 'MTR001', 12),
(98, 'INV-000098', 'MTR001', 11),
(99, 'INV-000099', 'MTR001', 10),
(100, 'INV-000100', 'MTR001', 9),
(101, 'INV-000101', 'MTR001', 13),
(102, 'INV-000102', 'MTR001', 15),
(103, 'INV-000103', 'MTR001', 16),
(104, 'INV-000104', 'MTR001', 15),
(105, 'INV-000105', 'MTR001', 14),
(106, 'INV-000106', 'MTR001', 13),
(107, 'INV-000107', 'MTR001', 13),
(108, 'INV-000108', 'MTR001', 10),
(109, 'INV-000109', 'MTR001', 9),
(110, 'INV-000110', 'MTR001', 6),
(111, 'INV-000111', 'MTR001', 9),
(112, 'INV-000112', 'MTR001', 9),
(113, 'INV-000113', 'MTR001', 8),
(114, 'INV-000114', 'MTR001', 7),
(115, 'INV-000115', 'MTR001', 10),
(116, 'INV-000116', 'MTR001', 11),
(117, 'INV-000117', 'MTR001', 12),
(118, 'INV-000118', 'MTR001', 15),
(119, 'INV-000119', 'MTR001', 16),
(120, 'INV-000120', 'MTR001', 10),
(121, 'INV-000121', 'MTR001', 16),
(122, 'INV-000122', 'MTR001', 16),
(123, 'INV-000123', 'MTR001', 15),
(124, 'INV-000124', 'MTR001', 15),
(125, 'INV-000125', 'MTR001', 14),
(126, 'INV-000126', 'MTR001', 14),
(127, 'INV-000127', 'MTR001', 13),
(128, 'INV-000128', 'MTR001', 10),
(129, 'INV-000129', 'MTR001', 9),
(130, 'INV-000130', 'MTR001', 8),
(131, 'INV-000131', 'MTR001', 7),
(132, 'INV-000132', 'MTR001', 7),
(133, 'INV-000133', 'MTR001', 8),
(134, 'INV-000134', 'MTR001', 9),
(135, 'INV-000135', 'MTR001', 10),
(136, 'INV-000136', 'MTR001', 15),
(137, 'INV-000137', 'MTR001', 13),
(138, 'INV-000138', 'MTR001', 14),
(139, 'INV-000139', 'MTR001', 15),
(140, 'INV-000140', 'MTR001', 15),
(141, 'INV-000141', 'MTR001', 18),
(142, 'INV-000142', 'MTR001', 16),
(143, 'INV-000143', 'MTR001', 13),
(144, 'INV-000144', 'MTR001', 13),
(145, 'INV-000145', 'MTR001', 15),
(146, 'INV-000146', 'MTR001', 10),
(147, 'INV-000147', 'MTR001', 9),
(148, 'INV-000148', 'MTR001', 8),
(149, 'INV-000149', 'MTR001', 10),
(150, 'INV-000150', 'MTR001', 10),
(151, 'INV-000151', 'MTR001', 14),
(152, 'INV-000152', 'MTR001', 16),
(153, 'INV-000153', 'MTR001', 17),
(154, 'INV-000154', 'MTR001', 15),
(155, 'INV-000155', 'MTR001', 13),
(156, 'INV-000156', 'MTR001', 15),
(157, 'INV-000157', 'MTR001', 16),
(158, 'INV-000158', 'MTR001', 13),
(159, 'INV-000159', 'MTR001', 10),
(160, 'INV-000160', 'MTR001', 10),
(161, 'INV-000161', 'MTR001', 9),
(162, 'INV-000162', 'MTR001', 9),
(163, 'INV-000163', 'MTR001', 13),
(164, 'INV-000164', 'MTR001', 14),
(165, 'INV-000165', 'MTR001', 15),
(166, 'INV-000166', 'MTR001', 13),
(167, 'INV-000167', 'MTR001', 11),
(168, 'INV-000168', 'MTR001', 12),
(169, 'INV-000169', 'MTR001', 12),
(170, 'INV-000170', 'MTR001', 10),
(171, 'INV-000171', 'MTR001', 10),
(172, 'INV-000172', 'MTR001', 9),
(173, 'INV-000173', 'MTR001', 8),
(174, 'INV-000174', 'MTR001', 10),
(175, 'INV-000175', 'MTR001', 10),
(176, 'INV-000176', 'MTR001', 14),
(177, 'INV-000177', 'MTR001', 16),
(178, 'INV-000178', 'MTR001', 17),
(179, 'INV-000179', 'MTR001', 15),
(180, 'INV-000180', 'MTR001', 13),
(181, 'INV-000181', 'MTR001', 15),
(182, 'INV-000182', 'MTR001', 16),
(183, 'INV-000183', 'MTR001', 9),
(184, 'INV-000184', 'MTR001', 8),
(185, 'INV-000185', 'MTR001', 7),
(186, 'INV-000186', 'MTR001', 10),
(187, 'INV-000187', 'MTR001', 11),
(188, 'INV-000188', 'MTR001', 12),
(189, 'INV-000189', 'MTR001', 15),
(190, 'INV-000190', 'MTR001', 16),
(191, 'INV-000191', 'MTR001', 10),
(192, 'INV-000192', 'MTR001', 12),
(193, 'INV-000193', 'MTR001', 18),
(194, 'INV-000194', 'MTR001', 16),
(195, 'INV-000195', 'MTR001', 15),
(196, 'INV-000196', 'MTR001', 17),
(197, 'INV-000197', 'MTR001', 14),
(198, 'INV-000198', 'MTR001', 16),
(199, 'INV-000199', 'MTR001', 14),
(200, 'INV-000200', 'MTR001', 16),
(201, 'INV-000201', 'MTR001', 13),
(202, 'INV-000202', 'MTR001', 16),
(203, 'INV-000203', 'MTR001', 15),
(204, 'INV-000204', 'MTR001', 13),
(205, 'INV-000205', 'MTR001', 12),
(206, 'INV-000206', 'MTR001', 12),
(207, 'INV-000207', 'MTR001', 15),
(208, 'INV-000208', 'MTR001', 13),
(209, 'INV-000209', 'MTR001', 15),
(210, 'INV-000210', 'MTR001', 14),
(211, 'INV-000211', 'MTR001', 16),
(212, 'INV-000212', 'MTR001', 13),
(213, 'INV-000213', 'MTR001', 13),
(214, 'INV-000214', 'MTR001', 12),
(215, 'INV-000215', 'MTR001', 10),
(216, 'INV-000216', 'MTR001', 9),
(217, 'INV-000217', 'MTR001', 9),
(218, 'INV-000218', 'MTR001', 14),
(219, 'INV-000219', 'MTR001', 15),
(220, 'INV-000220', 'MTR001', 18),
(221, 'INV-000221', 'MTR001', 12),
(222, 'INV-000222', 'MTR001', 13),
(223, 'INV-000223', 'MTR001', 15),
(224, 'INV-000224', 'MTR001', 16),
(225, 'INV-000225', 'MTR001', 13),
(226, 'INV-000226', 'MTR001', 10),
(227, 'INV-000227', 'MTR001', 10),
(228, 'INV-000228', 'MTR001', 9),
(229, 'INV-000229', 'MTR001', 9),
(230, 'INV-000230', 'MTR001', 13),
(231, 'INV-000231', 'MTR001', 14),
(232, 'INV-000232', 'MTR001', 15),
(233, 'INV-000233', 'MTR001', 13),
(234, 'INV-000234', 'MTR001', 15),
(235, 'INV-000235', 'MTR001', 13),
(236, 'INV-000236', 'MTR001', 13),
(237, 'INV-000237', 'MTR001', 12),
(238, 'INV-000238', 'MTR001', 10),
(239, 'INV-000239', 'MTR001', 9),
(240, 'INV-000240', 'MTR001', 10),
(241, 'INV-000241', 'MTR001', 12),
(242, 'INV-000242', 'MTR001', 12),
(243, 'INV-000243', 'MTR001', 9),
(244, 'INV-000244', 'MTR001', 9),
(245, 'INV-000245', 'MTR001', 7),
(246, 'INV-000246', 'MTR001', 13),
(247, 'INV-000247', 'MTR001', 15),
(248, 'INV-000248', 'MTR001', 16),
(249, 'INV-000249', 'MTR001', 14),
(250, 'INV-000250', 'MTR001', 16),
(251, 'INV-000251', 'MTR001', 13),
(252, 'INV-000252', 'MTR001', 15),
(253, 'INV-000253', 'MTR001', 17),
(254, 'INV-000254', 'MTR001', 12),
(255, 'INV-000255', 'MTR001', 12),
(256, 'INV-000256', 'MTR001', 8),
(257, 'INV-000257', 'MTR001', 9),
(258, 'INV-000258', 'MTR001', 10),
(259, 'INV-000259', 'MTR001', 10),
(260, 'INV-000260', 'MTR001', 8),
(261, 'INV-000261', 'MTR001', 7),
(262, 'INV-000262', 'MTR001', 8),
(263, 'INV-000263', 'MTR001', 10),
(264, 'INV-000264', 'MTR001', 12),
(265, 'INV-000265', 'MTR001', 15),
(266, 'INV-000266', 'MTR001', 16),
(267, 'INV-000267', 'MTR001', 13),
(268, 'INV-000268', 'MTR001', 15),
(269, 'INV-000269', 'MTR001', 13),
(270, 'INV-000270', 'MTR001', 16),
(271, 'INV-000271', 'MTR001', 14),
(272, 'INV-000272', 'MTR001', 16),
(273, 'INV-000273', 'MTR001', 15),
(274, 'INV-000274', 'MTR001', 12),
(275, 'INV-000275', 'MTR001', 8),
(276, 'INV-000276', 'MTR001', 8),
(277, 'INV-000277', 'MTR001', 13),
(278, 'INV-000278', 'MTR001', 12),
(279, 'INV-000279', 'MTR001', 10),
(280, 'INV-000280', 'MTR001', 9),
(281, 'INV-000281', 'MTR001', 10),
(282, 'INV-000282', 'MTR001', 12),
(283, 'INV-000283', 'MTR001', 12),
(284, 'INV-000284', 'MTR001', 9),
(285, 'INV-000285', 'MTR001', 9),
(286, 'INV-000286', 'MTR001', 10),
(287, 'INV-000287', 'MTR001', 12),
(288, 'INV-000288', 'MTR001', 18),
(289, 'INV-000289', 'MTR001', 16),
(290, 'INV-000290', 'MTR001', 15),
(291, 'INV-000291', 'MTR001', 17),
(292, 'INV-000292', 'MTR001', 14),
(293, 'INV-000293', 'MTR001', 16),
(294, 'INV-000294', 'MTR001', 14),
(295, 'INV-000295', 'MTR001', 16),
(296, 'INV-000296', 'MTR001', 13),
(297, 'INV-000297', 'MTR001', 8),
(298, 'INV-000298', 'MTR001', 8),
(299, 'INV-000299', 'MTR001', 13),
(300, 'INV-000300', 'MTR001', 12),
(301, 'INV-000301', 'MTR001', 10),
(302, 'INV-000302', 'MTR001', 9),
(303, 'INV-000303', 'MTR001', 10),
(304, 'INV-000304', 'MTR001', 12),
(305, 'INV-000305', 'MTR001', 12),
(306, 'INV-000306', 'MTR001', 9),
(307, 'INV-000307', 'MTR001', 9),
(308, 'INV-000308', 'MTR001', 5),
(309, 'INV-000309', 'MTR001', 13),
(310, 'INV-000310', 'MTR001', 10),
(311, 'INV-000311', 'MTR001', 10),
(312, 'INV-000312', 'MTR001', 9),
(313, 'INV-000313', 'MTR001', 9),
(314, 'INV-000314', 'MTR001', 13),
(315, 'INV-000315', 'MTR001', 17),
(316, 'INV-000316', 'MTR001', 16),
(317, 'INV-000317', 'MTR001', 15),
(318, 'INV-000318', 'MTR001', 12),
(319, 'INV-000319', 'MTR001', 8),
(320, 'INV-000320', 'MTR001', 8),
(321, 'INV-000321', 'MTR001', 9),
(322, 'INV-000322', 'MTR001', 12),
(323, 'INV-000323', 'MTR001', 15),
(324, 'INV-000324', 'MTR001', 13),
(325, 'INV-000325', 'MTR001', 13),
(326, 'INV-000326', 'MTR001', 14),
(327, 'INV-000327', 'MTR001', 12),
(328, 'INV-000328', 'MTR001', 10),
(329, 'INV-000329', 'MTR001', 9),
(330, 'INV-000330', 'MTR001', 10),
(331, 'INV-000331', 'MTR001', 11),
(332, 'INV-000332', 'MTR001', 10),
(333, 'INV-000333', 'MTR001', 12),
(334, 'INV-000334', 'MTR001', 10),
(335, 'INV-000335', 'MTR001', 10),
(336, 'INV-000336', 'MTR001', 9),
(337, 'INV-000337', 'MTR001', 8),
(338, 'INV-000338', 'MTR001', 15),
(339, 'INV-000339', 'MTR001', 14),
(340, 'INV-000340', 'MTR001', 12),
(341, 'INV-000341', 'MTR001', 15),
(342, 'INV-000342', 'MTR001', 15),
(343, 'INV-000343', 'MTR001', 17),
(344, 'INV-000344', 'MTR001', 16),
(345, 'INV-000345', 'MTR001', 15),
(346, 'INV-000346', 'MTR001', 12),
(347, 'INV-000347', 'MTR001', 8),
(348, 'INV-000348', 'MTR001', 8),
(349, 'INV-000349', 'MTR001', 9),
(350, 'INV-000350', 'MTR001', 12),
(351, 'INV-000351', 'MTR001', 15),
(352, 'INV-000352', 'MTR001', 13),
(353, 'INV-000353', 'MTR001', 13),
(354, 'INV-000354', 'MTR001', 14),
(355, 'INV-000355', 'MTR001', 12),
(356, 'INV-000356', 'MTR001', 10),
(357, 'INV-000357', 'MTR001', 9),
(358, 'INV-000358', 'MTR001', 10),
(359, 'INV-000359', 'MTR001', 11),
(360, 'INV-000360', 'MTR001', 10),
(361, 'INV-000361', 'MTR001', 12),
(362, 'INV-000362', 'MTR001', 12),
(363, 'INV-000363', 'MTR001', 13),
(364, 'INV-000364', 'MTR001', 15),
(365, 'INV-000365', 'MTR001', 15);

-- --------------------------------------------------------

--
-- Struktur dari tabel `tb_penjualan_info`
--

CREATE TABLE `tb_penjualan_info` (
  `kd_order` varchar(40) NOT NULL,
  `id_user` int(11) NOT NULL COMMENT 'Pengoperasian',
  `tanggal` datetime NOT NULL DEFAULT current_timestamp()
) ENGINE=InnoDB DEFAULT CHARSET=utf8mb4;

--
-- Dumping data untuk tabel `tb_penjualan_info`
--

INSERT INTO `tb_penjualan_info` (`kd_order`, `id_user`, `tanggal`) VALUES
('INV-000001', 1, '2019-01-01 20:45:56'),
('INV-000002', 1, '2019-01-02 20:45:56'),
('INV-000003', 1, '2019-01-03 20:45:56'),
('INV-000004', 1, '2019-01-04 20:45:56'),
('INV-000005', 1, '2019-01-05 20:45:56'),
('INV-000006', 1, '2019-01-06 20:45:56'),
('INV-000007', 1, '2019-01-07 20:45:56'),
('INV-000008', 1, '2019-01-08 20:45:56'),
('INV-000009', 1, '2019-01-09 20:45:56'),
('INV-000010', 1, '2019-01-10 20:45:56'),
('INV-000011', 1, '2019-01-11 20:45:56'),
('INV-000012', 1, '2019-01-12 20:45:56'),
('INV-000013', 1, '2019-01-13 20:45:56'),
('INV-000014', 1, '2019-01-14 20:45:56'),
('INV-000015', 1, '2019-01-15 20:45:56'),
('INV-000016', 1, '2019-01-16 20:45:56'),
('INV-000017', 1, '2019-01-17 20:45:56'),
('INV-000018', 1, '2019-01-18 20:45:56'),
('INV-000019', 1, '2019-01-19 20:45:56'),
('INV-000020', 1, '2019-01-20 20:45:56'),
('INV-000021', 1, '2019-01-21 20:45:56'),
('INV-000022', 1, '2019-01-22 20:45:56'),
('INV-000023', 1, '2019-01-23 20:45:56'),
('INV-000024', 1, '2019-01-24 20:45:56'),
('INV-000025', 1, '2019-01-25 20:45:56'),
('INV-000026', 1, '2019-01-26 20:45:56'),
('INV-000027', 1, '2019-01-27 20:45:56'),
('INV-000028', 1, '2019-01-28 20:45:56'),
('INV-000029', 1, '2019-01-29 20:45:56'),
('INV-000030', 1, '2019-01-30 20:45:56'),
('INV-000031', 1, '2019-01-31 20:45:56'),
('INV-000032', 1, '2019-02-01 20:45:56'),
('INV-000033', 1, '2019-02-02 20:45:56'),
('INV-000034', 1, '2019-02-03 20:45:56'),
('INV-000035', 1, '2019-02-04 20:45:56'),
('INV-000036', 1, '2019-02-05 20:45:56'),
('INV-000037', 1, '2019-02-06 20:45:56'),
('INV-000038', 1, '2019-02-07 20:45:56'),
('INV-000039', 1, '2019-02-08 20:45:56'),
('INV-000040', 1, '2019-02-09 20:45:56'),
('INV-000041', 1, '2019-02-10 20:45:56'),
('INV-000042', 1, '2019-02-11 20:45:56'),
('INV-000043', 1, '2019-02-12 20:45:56'),
('INV-000044', 1, '2019-02-13 20:45:56'),
('INV-000045', 1, '2019-02-14 20:45:56'),
('INV-000046', 1, '2019-02-15 20:45:56'),
('INV-000047', 1, '2019-02-16 20:45:56'),
('INV-000048', 1, '2019-02-17 20:45:56'),
('INV-000049', 1, '2019-02-18 20:45:56'),
('INV-000050', 1, '2019-02-19 20:45:56'),
('INV-000051', 1, '2019-02-20 20:45:56'),
('INV-000052', 1, '2019-02-21 20:45:56'),
('INV-000053', 1, '2019-02-22 20:45:56'),
('INV-000054', 1, '2019-02-23 20:45:56'),
('INV-000055', 1, '2019-02-24 20:45:56'),
('INV-000056', 1, '2019-02-25 20:45:56'),
('INV-000057', 1, '2019-02-26 20:45:56'),
('INV-000058', 1, '2019-02-27 20:45:56'),
('INV-000059', 1, '2019-02-28 20:45:56'),
('INV-000060', 1, '2019-03-01 20:45:56'),
('INV-000061', 1, '2019-03-02 20:45:56'),
('INV-000062', 1, '2019-03-03 20:45:56'),
('INV-000063', 1, '2019-03-04 20:45:56'),
('INV-000064', 1, '2019-03-05 20:45:56'),
('INV-000065', 1, '2019-03-06 20:45:56'),
('INV-000066', 1, '2019-03-07 20:45:56'),
('INV-000067', 1, '2019-03-08 20:45:56'),
('INV-000068', 1, '2019-03-09 20:45:56'),
('INV-000069', 1, '2019-03-10 20:45:56'),
('INV-000070', 1, '2019-03-11 20:45:56'),
('INV-000071', 1, '2019-03-12 20:45:56'),
('INV-000072', 1, '2019-03-13 20:45:56'),
('INV-000073', 1, '2019-03-14 20:45:56'),
('INV-000074', 1, '2019-03-15 20:45:56'),
('INV-000075', 1, '2019-03-16 20:45:56'),
('INV-000076', 1, '2019-03-17 20:45:56'),
('INV-000077', 1, '2019-03-18 20:45:56'),
('INV-000078', 1, '2019-03-19 20:45:56'),
('INV-000079', 1, '2019-03-20 20:45:56'),
('INV-000080', 1, '2019-03-21 20:45:56'),
('INV-000081', 1, '2019-03-22 20:45:56'),
('INV-000082', 1, '2019-03-23 20:45:56'),
('INV-000083', 1, '2019-03-24 20:45:56'),
('INV-000084', 1, '2019-03-25 20:45:56'),
('INV-000085', 1, '2019-03-26 20:45:56'),
('INV-000086', 1, '2019-03-27 20:45:56'),
('INV-000087', 1, '2019-03-28 20:45:56'),
('INV-000088', 1, '2019-03-29 20:45:56'),
('INV-000089', 1, '2019-03-30 20:45:56'),
('INV-000090', 1, '2019-03-31 20:45:56'),
('INV-000091', 1, '2019-04-01 20:45:56'),
('INV-000092', 1, '2019-04-02 20:45:56'),
('INV-000093', 1, '2019-04-03 20:45:56'),
('INV-000094', 1, '2019-04-04 20:45:56'),
('INV-000095', 1, '2019-04-05 20:45:56'),
('INV-000096', 1, '2019-04-06 20:45:56'),
('INV-000097', 1, '2019-04-07 20:45:56'),
('INV-000098', 1, '2019-04-08 20:45:56'),
('INV-000099', 1, '2019-04-09 20:45:56'),
('INV-000100', 1, '2019-04-10 20:45:56'),
('INV-000101', 1, '2019-04-11 20:45:56'),
('INV-000102', 1, '2019-04-12 20:45:56'),
('INV-000103', 1, '2019-04-13 20:45:56'),
('INV-000104', 1, '2019-04-14 20:45:56'),
('INV-000105', 1, '2019-04-15 20:45:56'),
('INV-000106', 1, '2019-04-16 20:45:56'),
('INV-000107', 1, '2019-04-17 20:45:56'),
('INV-000108', 1, '2019-04-18 20:45:56'),
('INV-000109', 1, '2019-04-19 20:45:56'),
('INV-000110', 1, '2019-04-20 20:45:56'),
('INV-000111', 1, '2019-04-21 20:45:56'),
('INV-000112', 1, '2019-04-22 20:45:56'),
('INV-000113', 1, '2019-04-23 20:45:56'),
('INV-000114', 1, '2019-04-24 20:45:56'),
('INV-000115', 1, '2019-04-25 20:45:56'),
('INV-000116', 1, '2019-04-26 20:45:56'),
('INV-000117', 1, '2019-04-27 20:45:56'),
('INV-000118', 1, '2019-04-28 20:45:56'),
('INV-000119', 1, '2019-04-29 20:45:56'),
('INV-000120', 1, '2019-04-30 20:45:56'),
('INV-000121', 1, '2019-05-01 20:45:56'),
('INV-000122', 1, '2019-05-02 20:45:56'),
('INV-000123', 1, '2019-05-03 20:45:56'),
('INV-000124', 1, '2019-05-04 20:45:56'),
('INV-000125', 1, '2019-05-05 20:45:56'),
('INV-000126', 1, '2019-05-06 20:45:56'),
('INV-000127', 1, '2019-05-07 20:45:56'),
('INV-000128', 1, '2019-05-08 20:45:56'),
('INV-000129', 1, '2019-05-09 20:45:56'),
('INV-000130', 1, '2019-05-10 20:45:56'),
('INV-000131', 1, '2019-05-11 20:45:56'),
('INV-000132', 1, '2019-05-12 20:45:56'),
('INV-000133', 1, '2019-05-13 20:45:56'),
('INV-000134', 1, '2019-05-14 20:45:56'),
('INV-000135', 1, '2019-05-15 20:45:56'),
('INV-000136', 1, '2019-05-16 20:45:56'),
('INV-000137', 1, '2019-05-17 20:45:56'),
('INV-000138', 1, '2019-05-18 20:45:56'),
('INV-000139', 1, '2019-05-19 20:45:56'),
('INV-000140', 1, '2019-05-20 20:45:56'),
('INV-000141', 1, '2019-05-21 20:45:56'),
('INV-000142', 1, '2019-05-22 20:45:56'),
('INV-000143', 1, '2019-05-23 20:45:56'),
('INV-000144', 1, '2019-05-24 20:45:56'),
('INV-000145', 1, '2019-05-25 20:45:56'),
('INV-000146', 1, '2019-05-26 20:45:56'),
('INV-000147', 1, '2019-05-27 20:45:56'),
('INV-000148', 1, '2019-05-28 20:45:56'),
('INV-000149', 1, '2019-05-29 20:45:56'),
('INV-000150', 1, '2019-05-30 20:45:56'),
('INV-000151', 1, '2019-05-31 20:45:56'),
('INV-000152', 1, '2019-06-01 20:45:56'),
('INV-000153', 1, '2019-06-02 20:45:56'),
('INV-000154', 1, '2019-06-03 20:45:56'),
('INV-000155', 1, '2019-06-04 20:45:56'),
('INV-000156', 1, '2019-06-05 20:45:56'),
('INV-000157', 1, '2019-06-06 20:45:56'),
('INV-000158', 1, '2019-06-07 20:45:56'),
('INV-000159', 1, '2019-06-08 20:45:56'),
('INV-000160', 1, '2019-06-09 20:45:56'),
('INV-000161', 1, '2019-06-10 20:45:56'),
('INV-000162', 1, '2019-06-11 20:45:56'),
('INV-000163', 1, '2019-06-12 20:45:56'),
('INV-000164', 1, '2019-06-13 20:45:56'),
('INV-000165', 1, '2019-06-14 20:45:56'),
('INV-000166', 1, '2019-06-15 20:45:56'),
('INV-000167', 1, '2019-06-16 20:45:56'),
('INV-000168', 1, '2019-06-17 20:45:56'),
('INV-000169', 1, '2019-06-18 20:45:56'),
('INV-000170', 1, '2019-06-19 20:45:56'),
('INV-000171', 1, '2019-06-20 20:45:56'),
('INV-000172', 1, '2019-06-21 20:45:56'),
('INV-000173', 1, '2019-06-22 20:45:56'),
('INV-000174', 1, '2019-06-23 20:45:56'),
('INV-000175', 1, '2019-06-24 20:45:56'),
('INV-000176', 1, '2019-06-25 20:45:56'),
('INV-000177', 1, '2019-06-26 20:45:56'),
('INV-000178', 1, '2019-06-27 20:45:56'),
('INV-000179', 1, '2019-06-28 20:45:56'),
('INV-000180', 1, '2019-06-29 20:45:56'),
('INV-000181', 1, '2019-06-30 20:45:56'),
('INV-000182', 1, '2019-07-01 20:45:56'),
('INV-000183', 1, '2019-07-02 20:45:56'),
('INV-000184', 1, '2019-07-03 20:45:56'),
('INV-000185', 1, '2019-07-04 20:45:56'),
('INV-000186', 1, '2019-07-05 20:45:56'),
('INV-000187', 1, '2019-07-06 20:45:56'),
('INV-000188', 1, '2019-07-07 20:45:56'),
('INV-000189', 1, '2019-07-08 20:45:56'),
('INV-000190', 1, '2019-07-09 20:45:56'),
('INV-000191', 1, '2019-07-10 20:45:56'),
('INV-000192', 1, '2019-07-11 20:45:56'),
('INV-000193', 1, '2019-07-12 20:45:56'),
('INV-000194', 1, '2019-07-13 20:45:56'),
('INV-000195', 1, '2019-07-14 20:45:56'),
('INV-000196', 1, '2019-07-15 20:45:56'),
('INV-000197', 1, '2019-07-16 20:45:56'),
('INV-000198', 1, '2019-07-17 20:45:56'),
('INV-000199', 1, '2019-07-18 20:45:56'),
('INV-000200', 1, '2019-07-19 20:45:56'),
('INV-000201', 1, '2019-07-20 20:45:56'),
('INV-000202', 1, '2019-07-21 20:45:56'),
('INV-000203', 1, '2019-07-22 20:45:56'),
('INV-000204', 1, '2019-07-23 20:45:56'),
('INV-000205', 1, '2019-07-24 20:45:56'),
('INV-000206', 1, '2019-07-25 20:45:56'),
('INV-000207', 1, '2019-07-26 20:45:56'),
('INV-000208', 1, '2019-07-27 20:45:56'),
('INV-000209', 1, '2019-07-28 20:45:56'),
('INV-000210', 1, '2019-07-29 20:45:56'),
('INV-000211', 1, '2019-07-30 20:45:56'),
('INV-000212', 1, '2019-07-31 20:45:56'),
('INV-000213', 1, '2019-08-01 20:45:56'),
('INV-000214', 1, '2019-08-02 20:45:56'),
('INV-000215', 1, '2019-08-03 20:45:56'),
('INV-000216', 1, '2019-08-04 20:45:56'),
('INV-000217', 1, '2019-08-05 20:45:56'),
('INV-000218', 1, '2019-08-06 20:45:56'),
('INV-000219', 1, '2019-08-07 20:45:56'),
('INV-000220', 1, '2019-08-08 20:45:56'),
('INV-000221', 1, '2019-08-09 20:45:56'),
('INV-000222', 1, '2019-08-10 20:45:56'),
('INV-000223', 1, '2019-08-11 20:45:56'),
('INV-000224', 1, '2019-08-12 20:45:56'),
('INV-000225', 1, '2019-08-13 20:45:56'),
('INV-000226', 1, '2019-08-14 20:45:56'),
('INV-000227', 1, '2019-08-15 20:45:56'),
('INV-000228', 1, '2019-08-16 20:45:56'),
('INV-000229', 1, '2019-08-17 20:45:56'),
('INV-000230', 1, '2019-08-18 20:45:56'),
('INV-000231', 1, '2019-08-19 20:45:56'),
('INV-000232', 1, '2019-08-20 20:45:56'),
('INV-000233', 1, '2019-08-21 20:45:56'),
('INV-000234', 1, '2019-08-22 20:45:56'),
('INV-000235', 1, '2019-08-23 20:45:56'),
('INV-000236', 1, '2019-08-24 20:45:56'),
('INV-000237', 1, '2019-08-25 20:45:56'),
('INV-000238', 1, '2019-08-26 20:45:56'),
('INV-000239', 1, '2019-08-27 20:45:56'),
('INV-000240', 1, '2019-08-28 20:45:56'),
('INV-000241', 1, '2019-08-29 20:45:56'),
('INV-000242', 1, '2019-08-30 20:45:56'),
('INV-000243', 1, '2019-08-31 20:45:56'),
('INV-000244', 1, '2019-09-01 20:45:56'),
('INV-000245', 1, '2019-09-02 20:45:56'),
('INV-000246', 1, '2019-09-03 20:45:56'),
('INV-000247', 1, '2019-09-04 20:45:56'),
('INV-000248', 1, '2019-09-05 20:45:56'),
('INV-000249', 1, '2019-09-06 20:45:56'),
('INV-000250', 1, '2019-09-07 20:45:56'),
('INV-000251', 1, '2019-09-08 20:45:56'),
('INV-000252', 1, '2019-09-09 20:45:56'),
('INV-000253', 1, '2019-09-10 20:45:56'),
('INV-000254', 1, '2019-09-11 20:45:56'),
('INV-000255', 1, '2019-09-12 20:45:56'),
('INV-000256', 1, '2019-09-13 20:45:56'),
('INV-000257', 1, '2019-09-14 20:45:56'),
('INV-000258', 1, '2019-09-15 20:45:56'),
('INV-000259', 1, '2019-09-16 20:45:56'),
('INV-000260', 1, '2019-09-17 20:45:56'),
('INV-000261', 1, '2019-09-18 20:45:56'),
('INV-000262', 1, '2019-09-19 20:45:56'),
('INV-000263', 1, '2019-09-20 20:45:56'),
('INV-000264', 1, '2019-09-21 20:45:56'),
('INV-000265', 1, '2019-09-22 20:45:56'),
('INV-000266', 1, '2019-09-23 20:45:56'),
('INV-000267', 1, '2019-09-24 20:45:56'),
('INV-000268', 1, '2019-09-25 20:45:56'),
('INV-000269', 1, '2019-09-26 20:45:56'),
('INV-000270', 1, '2019-09-27 20:45:56'),
('INV-000271', 1, '2019-09-28 20:45:56'),
('INV-000272', 1, '2019-09-29 20:45:56'),
('INV-000273', 1, '2019-09-30 20:45:56'),
('INV-000274', 1, '2019-10-01 20:45:56'),
('INV-000275', 1, '2019-10-02 20:45:56'),
('INV-000276', 1, '2019-10-03 20:45:56'),
('INV-000277', 1, '2019-10-04 20:45:56'),
('INV-000278', 1, '2019-10-05 20:45:56'),
('INV-000279', 1, '2019-10-06 20:45:56'),
('INV-000280', 1, '2019-10-07 20:45:56'),
('INV-000281', 1, '2019-10-08 20:45:56'),
('INV-000282', 1, '2019-10-09 20:45:56'),
('INV-000283', 1, '2019-10-10 20:45:56'),
('INV-000284', 1, '2019-10-11 20:45:56'),
('INV-000285', 1, '2019-10-12 20:45:56'),
('INV-000286', 1, '2019-10-13 20:45:56'),
('INV-000287', 1, '2019-10-14 20:45:56'),
('INV-000288', 1, '2019-10-15 20:45:56'),
('INV-000289', 1, '2019-10-16 20:45:56'),
('INV-000290', 1, '2019-10-17 20:45:56'),
('INV-000291', 1, '2019-10-18 20:45:56'),
('INV-000292', 1, '2019-10-19 20:45:56'),
('INV-000293', 1, '2019-10-20 20:45:56'),
('INV-000294', 1, '2019-10-21 20:45:56'),
('INV-000295', 1, '2019-10-22 20:45:56'),
('INV-000296', 1, '2019-10-23 20:45:56'),
('INV-000297', 1, '2019-10-24 20:45:56'),
('INV-000298', 1, '2019-10-25 20:45:56'),
('INV-000299', 1, '2019-10-26 20:45:56'),
('INV-000300', 1, '2019-10-27 20:45:56'),
('INV-000301', 1, '2019-10-28 20:45:56'),
('INV-000302', 1, '2019-10-29 20:45:56'),
('INV-000303', 1, '2019-10-30 20:45:56'),
('INV-000304', 1, '2019-10-31 20:45:56'),
('INV-000305', 1, '2019-11-01 20:45:56'),
('INV-000306', 1, '2019-11-02 20:45:56'),
('INV-000307', 1, '2019-11-03 20:45:56'),
('INV-000308', 1, '2019-11-04 20:45:56'),
('INV-000309', 1, '2019-11-05 20:45:56'),
('INV-000310', 1, '2019-11-06 20:45:56'),
('INV-000311', 1, '2019-11-07 20:45:56'),
('INV-000312', 1, '2019-11-08 20:45:56'),
('INV-000313', 1, '2019-11-09 20:45:56'),
('INV-000314', 1, '2019-11-10 20:45:56'),
('INV-000315', 1, '2019-11-11 20:45:56'),
('INV-000316', 1, '2019-11-12 20:45:56'),
('INV-000317', 1, '2019-11-13 20:45:56'),
('INV-000318', 1, '2019-11-14 20:45:56'),
('INV-000319', 1, '2019-11-15 20:45:56'),
('INV-000320', 1, '2019-11-16 20:45:56'),
('INV-000321', 1, '2019-11-17 20:45:56'),
('INV-000322', 1, '2019-11-18 20:45:56'),
('INV-000323', 1, '2019-11-19 20:45:56'),
('INV-000324', 1, '2019-11-20 20:45:56'),
('INV-000325', 1, '2019-11-21 20:45:56'),
('INV-000326', 1, '2019-11-22 20:45:56'),
('INV-000327', 1, '2019-11-23 20:45:56'),
('INV-000328', 1, '2019-11-24 20:45:56'),
('INV-000329', 1, '2019-11-25 20:45:56'),
('INV-000330', 1, '2019-11-26 20:45:56'),
('INV-000331', 1, '2019-11-27 20:45:56'),
('INV-000332', 1, '2019-11-28 20:45:56'),
('INV-000333', 1, '2019-11-29 20:45:56'),
('INV-000334', 1, '2019-11-30 20:45:56'),
('INV-000335', 1, '2019-12-01 20:45:56'),
('INV-000336', 1, '2019-12-02 20:45:56'),
('INV-000337', 1, '2019-12-03 20:45:56'),
('INV-000338', 1, '2019-12-04 20:45:56'),
('INV-000339', 1, '2019-12-05 20:45:56'),
('INV-000340', 1, '2019-12-06 20:45:56'),
('INV-000341', 1, '2019-12-07 20:45:56'),
('INV-000342', 1, '2019-12-08 20:45:56'),
('INV-000343', 1, '2019-12-09 20:45:56'),
('INV-000344', 1, '2019-12-10 20:45:56'),
('INV-000345', 1, '2019-12-11 20:45:56'),
('INV-000346', 1, '2019-12-12 20:45:56'),
('INV-000347', 1, '2019-12-13 20:45:56'),
('INV-000348', 1, '2019-12-14 20:45:56'),
('INV-000349', 1, '2019-12-15 20:45:56'),
('INV-000350', 1, '2019-12-16 20:45:56'),
('INV-000351', 1, '2019-12-17 20:45:56'),
('INV-000352', 1, '2019-12-18 20:45:56'),
('INV-000353', 1, '2019-12-19 20:45:56'),
('INV-000354', 1, '2019-12-20 20:45:56'),
('INV-000355', 1, '2019-12-21 20:45:56'),
('INV-000356', 1, '2019-12-22 20:45:56'),
('INV-000357', 1, '2019-12-23 20:45:56'),
('INV-000358', 1, '2019-12-24 20:45:56'),
('INV-000359', 1, '2019-12-25 20:45:56'),
('INV-000360', 1, '2019-12-26 20:45:56'),
('INV-000361', 1, '2019-12-27 20:45:56'),
('INV-000362', 1, '2019-12-28 20:45:56'),
('INV-000363', 1, '2019-12-29 20:45:56'),
('INV-000364', 1, '2019-12-30 20:45:56'),
('INV-000365', 1, '2019-12-31 20:45:56'),
('INV-000366', 1, '2020-01-01 20:45:56'),
('INV-000367', 1, '2020-01-02 20:45:56'),
('INV-000368', 1, '2020-01-03 20:45:56'),
('INV-000369', 1, '2020-01-04 20:45:56'),
('INV-000370', 1, '2020-01-05 20:45:56'),
('INV-000371', 1, '2020-01-06 20:45:56'),
('INV-000372', 1, '2020-01-07 20:45:56'),
('INV-000373', 1, '2020-01-08 20:45:56'),
('INV-000374', 1, '2020-01-09 20:45:56'),
('INV-000375', 1, '2020-01-10 20:45:56'),
('INV-000376', 1, '2020-01-11 20:45:56'),
('INV-000377', 1, '2020-01-12 20:45:56'),
('INV-000378', 1, '2020-01-13 20:45:56'),
('INV-000379', 1, '2020-01-14 20:45:56'),
('INV-000380', 1, '2020-01-15 20:45:56'),
('INV-000381', 1, '2020-01-16 20:45:56'),
('INV-000382', 1, '2020-01-17 20:45:56'),
('INV-000383', 1, '2020-01-18 20:45:56'),
('INV-000384', 1, '2020-01-19 20:45:56'),
('INV-000385', 1, '2020-01-20 20:45:56'),
('INV-000386', 1, '2020-01-21 20:45:56'),
('INV-000387', 1, '2020-01-22 20:45:56'),
('INV-000388', 1, '2020-01-23 20:45:56'),
('INV-000389', 1, '2020-01-24 20:45:56'),
('INV-000390', 1, '2020-01-25 20:45:56'),
('INV-000391', 1, '2020-01-26 20:45:56'),
('INV-000392', 1, '2020-01-27 20:45:56'),
('INV-000393', 1, '2020-01-28 20:45:56'),
('INV-000394', 1, '2020-01-29 20:45:56'),
('INV-000395', 1, '2020-01-30 20:45:56'),
('INV-000396', 1, '2020-01-31 20:45:56'),
('INV-000397', 1, '2020-02-01 20:45:56'),
('INV-000398', 1, '2020-02-02 20:45:56'),
('INV-000399', 1, '2020-02-03 20:45:56'),
('INV-000400', 1, '2020-02-04 20:45:56'),
('INV-000401', 1, '2020-02-05 20:45:56'),
('INV-000402', 1, '2020-02-06 20:45:56'),
('INV-000403', 1, '2020-02-07 20:45:56'),
('INV-000404', 1, '2020-02-08 20:45:56'),
('INV-000405', 1, '2020-02-09 20:45:56'),
('INV-000406', 1, '2020-02-10 20:45:56'),
('INV-000407', 1, '2020-02-11 20:45:56'),
('INV-000408', 1, '2020-02-12 20:45:56'),
('INV-000409', 1, '2020-02-13 20:45:56'),
('INV-000410', 1, '2020-02-14 20:45:56'),
('INV-000411', 1, '2020-02-15 20:45:56'),
('INV-000412', 1, '2020-02-16 20:45:56'),
('INV-000413', 1, '2020-02-17 20:45:56'),
('INV-000414', 1, '2020-02-18 20:45:56'),
('INV-000415', 1, '2020-02-19 20:45:56'),
('INV-000416', 1, '2020-02-20 20:45:56'),
('INV-000417', 1, '2020-02-21 20:45:56'),
('INV-000418', 1, '2020-02-22 20:45:56'),
('INV-000419', 1, '2020-02-23 20:45:56'),
('INV-000420', 1, '2020-02-24 20:45:56'),
('INV-000421', 1, '2020-02-25 20:45:56'),
('INV-000422', 1, '2020-02-26 20:45:56'),
('INV-000423', 1, '2020-02-27 20:45:56'),
('INV-000424', 1, '2020-02-28 20:45:56'),
('INV-000425', 1, '2020-03-01 20:45:56'),
('INV-000426', 1, '2020-03-02 20:45:56'),
('INV-000427', 1, '2020-03-03 20:45:56'),
('INV-000428', 1, '2020-03-04 20:45:56'),
('INV-000429', 1, '2020-03-05 20:45:56'),
('INV-000430', 1, '2020-03-06 20:45:56'),
('INV-000431', 1, '2020-03-07 20:45:56'),
('INV-000432', 1, '2020-03-08 20:45:56'),
('INV-000433', 1, '2020-03-09 20:45:56'),
('INV-000434', 1, '2020-03-10 20:45:56'),
('INV-000435', 1, '2020-03-11 20:45:56'),
('INV-000436', 1, '2020-03-12 20:45:56'),
('INV-000437', 1, '2020-03-13 20:45:56'),
('INV-000438', 1, '2020-03-14 20:45:56'),
('INV-000439', 1, '2020-03-15 20:45:56'),
('INV-000440', 1, '2020-03-16 20:45:56'),
('INV-000441', 1, '2020-03-17 20:45:56'),
('INV-000442', 1, '2020-03-18 20:45:56'),
('INV-000443', 1, '2020-03-19 20:45:56'),
('INV-000444', 1, '2020-03-20 20:45:56'),
('INV-000445', 1, '2020-03-21 20:45:56'),
('INV-000446', 1, '2020-03-22 20:45:56'),
('INV-000447', 1, '2020-03-23 20:45:56'),
('INV-000448', 1, '2020-03-24 20:45:56'),
('INV-000449', 1, '2020-03-25 20:45:56'),
('INV-000450', 1, '2020-03-26 20:45:56'),
('INV-000451', 1, '2020-03-27 20:45:56'),
('INV-000452', 1, '2020-03-28 20:45:56'),
('INV-000453', 1, '2020-03-29 20:45:56'),
('INV-000454', 1, '2020-03-30 20:45:56'),
('INV-000455', 1, '2020-03-31 20:45:56'),
('INV-000456', 1, '2020-04-01 20:45:56'),
('INV-000457', 1, '2020-04-02 20:45:56'),
('INV-000458', 1, '2020-04-03 20:45:56'),
('INV-000459', 1, '2020-04-04 20:45:56'),
('INV-000460', 1, '2020-04-05 20:45:56'),
('INV-000461', 1, '2020-04-06 20:45:56'),
('INV-000462', 1, '2020-04-07 20:45:56'),
('INV-000463', 1, '2020-04-08 20:45:56'),
('INV-000464', 1, '2020-04-09 20:45:56'),
('INV-000465', 1, '2020-04-10 20:45:56'),
('INV-000466', 1, '2020-04-11 20:45:56'),
('INV-000467', 1, '2020-04-12 20:45:56'),
('INV-000468', 1, '2020-04-13 20:45:56'),
('INV-000469', 1, '2020-04-14 20:45:56'),
('INV-000470', 1, '2020-04-15 20:45:56'),
('INV-000471', 1, '2020-04-16 20:45:56'),
('INV-000472', 1, '2020-04-17 20:45:56'),
('INV-000473', 1, '2020-04-18 20:45:56'),
('INV-000474', 1, '2020-04-19 20:45:56'),
('INV-000475', 1, '2020-04-20 20:45:56'),
('INV-000476', 1, '2020-04-21 20:45:56'),
('INV-000477', 1, '2020-04-22 20:45:56'),
('INV-000478', 1, '2020-04-23 20:45:56'),
('INV-000479', 1, '2020-04-24 20:45:56'),
('INV-000480', 1, '2020-04-25 20:45:56'),
('INV-000481', 1, '2020-04-26 20:45:56'),
('INV-000482', 1, '2020-04-27 20:45:56'),
('INV-000483', 1, '2020-04-28 20:45:56'),
('INV-000484', 1, '2020-04-29 20:45:56'),
('INV-000485', 1, '2020-04-30 20:45:56'),
('INV-000486', 1, '2020-05-01 20:45:56'),
('INV-000487', 1, '2020-05-02 20:45:56'),
('INV-000488', 1, '2020-05-03 20:45:56'),
('INV-000489', 1, '2020-05-04 20:45:56'),
('INV-000490', 1, '2020-05-05 20:45:56'),
('INV-000491', 1, '2020-05-06 20:45:56'),
('INV-000492', 1, '2020-05-07 20:45:56'),
('INV-000493', 1, '2020-05-08 20:45:56'),
('INV-000494', 1, '2020-05-09 20:45:56'),
('INV-000495', 1, '2020-05-10 20:45:56'),
('INV-000496', 1, '2020-05-11 20:45:56'),
('INV-000497', 1, '2020-05-12 20:45:56'),
('INV-000498', 1, '2020-05-13 20:45:56'),
('INV-000499', 1, '2020-05-14 20:45:56'),
('INV-000500', 1, '2020-05-15 20:45:56'),
('INV-000501', 1, '2020-05-16 20:45:56'),
('INV-000502', 1, '2020-05-17 20:45:56'),
('INV-000503', 1, '2020-05-18 20:45:56'),
('INV-000504', 1, '2020-05-19 20:45:56'),
('INV-000505', 1, '2020-05-20 20:45:56'),
('INV-000506', 1, '2020-05-21 20:45:56'),
('INV-000507', 1, '2020-05-22 20:45:56'),
('INV-000508', 1, '2020-05-23 20:45:56'),
('INV-000509', 1, '2020-05-24 20:45:56'),
('INV-000510', 1, '2020-05-25 20:45:56'),
('INV-000511', 1, '2020-05-26 20:45:56'),
('INV-000512', 1, '2020-05-27 20:45:56'),
('INV-000513', 1, '2020-05-28 20:45:56'),
('INV-000514', 1, '2020-05-29 20:45:56'),
('INV-000515', 1, '2020-05-30 20:45:56'),
('INV-000516', 1, '2020-05-31 20:45:56'),
('INV-000517', 1, '2020-06-01 20:45:56'),
('INV-000518', 1, '2020-06-02 20:45:56'),
('INV-000519', 1, '2020-06-03 20:45:56'),
('INV-000520', 1, '2020-06-04 20:45:56'),
('INV-000521', 1, '2020-06-05 20:45:56'),
('INV-000522', 1, '2020-06-06 20:45:56'),
('INV-000523', 1, '2020-06-07 20:45:56'),
('INV-000524', 1, '2020-06-08 20:45:56'),
('INV-000525', 1, '2020-06-09 20:45:56'),
('INV-000526', 1, '2020-06-10 20:45:56'),
('INV-000527', 1, '2020-06-11 20:45:56'),
('INV-000528', 1, '2020-06-12 20:45:56'),
('INV-000529', 1, '2020-06-13 20:45:56'),
('INV-000530', 1, '2020-06-14 20:45:56'),
('INV-000531', 1, '2020-06-15 20:45:56'),
('INV-000532', 1, '2020-06-16 20:45:56'),
('INV-000533', 1, '2020-06-17 20:45:56'),
('INV-000534', 1, '2020-06-18 20:45:56'),
('INV-000535', 1, '2020-06-19 20:45:56'),
('INV-000536', 1, '2020-06-20 20:45:56'),
('INV-000537', 1, '2020-06-21 20:45:56'),
('INV-000538', 1, '2020-06-22 20:45:56'),
('INV-000539', 1, '2020-06-23 20:45:56'),
('INV-000540', 1, '2020-06-24 20:45:56'),
('INV-000541', 1, '2020-06-25 20:45:56'),
('INV-000542', 1, '2020-06-26 20:45:56'),
('INV-000543', 1, '2020-06-27 20:45:56'),
('INV-000544', 1, '2020-06-28 20:45:56'),
('INV-000545', 1, '2020-06-29 20:45:56'),
('INV-000546', 1, '2020-06-30 20:45:56'),
('INV-000547', 1, '2020-07-01 20:45:56'),
('INV-000548', 1, '2020-07-02 20:45:56'),
('INV-000549', 1, '2020-07-03 20:45:56'),
('INV-000550', 1, '2020-07-04 20:45:56'),
('INV-000551', 1, '2020-07-05 20:45:56'),
('INV-000552', 1, '2020-07-06 20:45:56'),
('INV-000553', 1, '2020-07-07 20:45:56'),
('INV-000554', 1, '2020-07-08 20:45:56'),
('INV-000555', 1, '2020-07-09 20:45:56'),
('INV-000556', 1, '2020-07-10 20:45:56'),
('INV-000557', 1, '2020-07-11 20:45:56'),
('INV-000558', 1, '2020-07-12 20:45:56'),
('INV-000559', 1, '2020-07-13 20:45:56'),
('INV-000560', 1, '2020-07-14 20:45:56'),
('INV-000561', 1, '2020-07-15 20:45:56'),
('INV-000562', 1, '2020-07-16 20:45:56'),
('INV-000563', 1, '2020-07-17 20:45:56'),
('INV-000564', 1, '2020-07-18 20:45:56'),
('INV-000565', 1, '2020-07-19 20:45:56'),
('INV-000566', 1, '2020-07-20 20:45:56'),
('INV-000567', 1, '2020-07-21 20:45:56'),
('INV-000568', 1, '2020-07-22 20:45:56'),
('INV-000569', 1, '2020-07-23 20:45:56'),
('INV-000570', 1, '2020-07-24 20:45:56'),
('INV-000571', 1, '2020-07-25 20:45:56'),
('INV-000572', 1, '2020-07-26 20:45:56'),
('INV-000573', 1, '2020-07-27 20:45:56'),
('INV-000574', 1, '2020-07-28 20:45:56'),
('INV-000575', 1, '2020-07-29 20:45:56'),
('INV-000576', 1, '2020-07-30 20:45:56'),
('INV-000577', 1, '2020-07-31 20:45:56'),
('INV-000578', 1, '2020-08-01 20:45:56'),
('INV-000579', 1, '2020-08-02 20:45:56'),
('INV-000580', 1, '2020-08-03 20:45:56'),
('INV-000581', 1, '2020-08-04 20:45:56'),
('INV-000582', 1, '2020-08-05 20:45:56'),
('INV-000583', 1, '2020-08-06 20:45:56'),
('INV-000584', 1, '2020-08-07 20:45:56'),
('INV-000585', 1, '2020-08-08 20:45:56'),
('INV-000586', 1, '2020-08-09 20:45:56'),
('INV-000587', 1, '2020-08-10 20:45:56'),
('INV-000588', 1, '2020-08-11 20:45:56'),
('INV-000589', 1, '2020-08-12 20:45:56'),
('INV-000590', 1, '2020-08-13 20:45:56'),
('INV-000591', 1, '2020-08-14 20:45:56'),
('INV-000592', 1, '2020-08-15 20:45:56'),
('INV-000593', 1, '2020-08-16 20:45:56'),
('INV-000594', 1, '2020-08-17 20:45:56'),
('INV-000595', 1, '2020-08-18 20:45:56'),
('INV-000596', 1, '2020-08-19 20:45:56'),
('INV-000597', 1, '2020-08-20 20:45:56'),
('INV-000598', 1, '2020-08-21 20:45:56'),
('INV-000599', 1, '2020-08-22 20:45:56'),
('INV-000600', 1, '2020-08-23 20:45:56'),
('INV-000601', 1, '2020-08-24 20:45:56'),
('INV-000602', 1, '2020-08-25 20:45:56'),
('INV-000603', 1, '2020-08-26 20:45:56'),
('INV-000604', 1, '2020-08-27 20:45:56'),
('INV-000605', 1, '2020-08-28 20:45:56'),
('INV-000606', 1, '2020-08-29 20:45:56'),
('INV-000607', 1, '2020-08-30 20:45:56'),
('INV-000608', 1, '2020-08-31 20:45:56'),
('INV-000609', 1, '2020-09-01 20:45:56'),
('INV-000610', 1, '2020-09-02 20:45:56'),
('INV-000611', 1, '2020-09-03 20:45:56'),
('INV-000612', 1, '2020-09-04 20:45:56'),
('INV-000613', 1, '2020-09-05 20:45:56'),
('INV-000614', 1, '2020-09-06 20:45:56'),
('INV-000615', 1, '2020-09-07 20:45:56'),
('INV-000616', 1, '2020-09-08 20:45:56'),
('INV-000617', 1, '2020-09-09 20:45:56'),
('INV-000618', 1, '2020-09-10 20:45:56'),
('INV-000619', 1, '2020-09-11 20:45:56'),
('INV-000620', 1, '2020-09-12 20:45:56'),
('INV-000621', 1, '2020-09-13 20:45:56'),
('INV-000622', 1, '2020-09-14 20:45:56'),
('INV-000623', 1, '2020-09-15 20:45:56'),
('INV-000624', 1, '2020-09-16 20:45:56'),
('INV-000625', 1, '2020-09-17 20:45:56'),
('INV-000626', 1, '2020-09-18 20:45:56'),
('INV-000627', 1, '2020-09-19 20:45:56'),
('INV-000628', 1, '2020-09-20 20:45:56'),
('INV-000629', 1, '2020-09-21 20:45:56'),
('INV-000630', 1, '2020-09-22 20:45:56'),
('INV-000631', 1, '2020-09-23 20:45:56'),
('INV-000632', 1, '2020-09-24 20:45:56'),
('INV-000633', 1, '2020-09-25 20:45:56'),
('INV-000634', 1, '2020-09-26 20:45:56'),
('INV-000635', 1, '2020-09-27 20:45:56'),
('INV-000636', 1, '2020-09-28 20:45:56'),
('INV-000637', 1, '2020-09-29 20:45:56'),
('INV-000638', 1, '2020-09-30 20:45:56'),
('INV-000639', 1, '2020-10-01 20:45:56'),
('INV-000640', 1, '2020-10-02 20:45:56'),
('INV-000641', 1, '2020-10-03 20:45:56'),
('INV-000642', 1, '2020-10-04 20:45:56'),
('INV-000643', 1, '2020-10-05 20:45:56'),
('INV-000644', 1, '2020-10-06 20:45:56'),
('INV-000645', 1, '2020-10-07 20:45:56'),
('INV-000646', 1, '2020-10-08 20:45:56'),
('INV-000647', 1, '2020-10-09 20:45:56'),
('INV-000648', 1, '2020-10-10 20:45:56'),
('INV-000649', 1, '2020-10-11 20:45:56'),
('INV-000650', 1, '2020-10-12 20:45:56'),
('INV-000651', 1, '2020-10-13 20:45:56'),
('INV-000652', 1, '2020-10-14 20:45:56'),
('INV-000653', 1, '2020-10-15 20:45:56'),
('INV-000654', 1, '2020-10-16 20:45:56'),
('INV-000655', 1, '2020-10-17 20:45:56'),
('INV-000656', 1, '2020-10-18 20:45:56'),
('INV-000657', 1, '2020-10-19 20:45:56'),
('INV-000658', 1, '2020-10-20 20:45:56'),
('INV-000659', 1, '2020-10-21 20:45:56'),
('INV-000660', 1, '2020-10-22 20:45:56'),
('INV-000661', 1, '2020-10-23 20:45:56'),
('INV-000662', 1, '2020-10-24 20:45:56'),
('INV-000663', 1, '2020-10-25 20:45:56'),
('INV-000664', 1, '2020-10-26 20:45:56'),
('INV-000665', 1, '2020-10-27 20:45:56'),
('INV-000666', 1, '2020-10-28 20:45:56'),
('INV-000667', 1, '2020-10-29 20:45:56'),
('INV-000668', 1, '2020-10-30 20:45:56'),
('INV-000669', 1, '2020-10-31 20:45:56'),
('INV-000670', 1, '2020-11-01 20:45:56'),
('INV-000671', 1, '2020-11-02 20:45:56'),
('INV-000672', 1, '2020-11-03 20:45:56'),
('INV-000673', 1, '2020-11-04 20:45:56'),
('INV-000674', 1, '2020-11-05 20:45:56'),
('INV-000675', 1, '2020-11-06 20:45:56'),
('INV-000676', 1, '2020-11-07 20:45:56'),
('INV-000677', 1, '2020-11-08 20:45:56'),
('INV-000678', 1, '2020-11-09 20:45:56'),
('INV-000679', 1, '2020-11-10 20:45:56'),
('INV-000680', 1, '2020-11-11 20:45:56'),
('INV-000681', 1, '2020-11-12 20:45:56'),
('INV-000682', 1, '2020-11-13 20:45:56'),
('INV-000683', 1, '2020-11-14 20:45:56'),
('INV-000684', 1, '2020-11-15 20:45:56'),
('INV-000685', 1, '2020-11-16 20:45:56'),
('INV-000686', 1, '2020-11-17 20:45:56'),
('INV-000687', 1, '2020-11-18 20:45:56'),
('INV-000688', 1, '2020-11-19 20:45:56'),
('INV-000689', 1, '2020-11-20 20:45:56'),
('INV-000690', 1, '2020-11-21 20:45:56'),
('INV-000691', 1, '2020-11-22 20:45:56'),
('INV-000692', 1, '2020-11-23 20:45:56'),
('INV-000693', 1, '2020-11-24 20:45:56'),
('INV-000694', 1, '2020-11-25 20:45:56'),
('INV-000695', 1, '2020-11-26 20:45:56'),
('INV-000696', 1, '2020-11-27 20:45:56'),
('INV-000697', 1, '2020-11-28 20:45:56'),
('INV-000698', 1, '2020-11-29 20:45:56'),
('INV-000699', 1, '2020-11-30 20:45:56'),
('INV-000700', 1, '2020-12-01 20:45:56'),
('INV-000701', 1, '2020-12-02 20:45:56'),
('INV-000702', 1, '2020-12-03 20:45:56'),
('INV-000703', 1, '2020-12-04 20:45:56'),
('INV-000704', 1, '2020-12-05 20:45:56'),
('INV-000705', 1, '2020-12-06 20:45:56'),
('INV-000706', 1, '2020-12-07 20:45:56'),
('INV-000707', 1, '2020-12-08 20:45:56'),
('INV-000708', 1, '2020-12-09 20:45:56'),
('INV-000709', 1, '2020-12-10 20:45:56'),
('INV-000710', 1, '2020-12-11 20:45:56'),
('INV-000711', 1, '2020-12-12 20:45:56'),
('INV-000712', 1, '2020-12-13 20:45:56'),
('INV-000713', 1, '2020-12-14 20:45:56'),
('INV-000714', 1, '2020-12-15 20:45:56'),
('INV-000715', 1, '2020-12-16 20:45:56'),
('INV-000716', 1, '2020-12-17 20:45:56'),
('INV-000717', 1, '2020-12-18 20:45:56'),
('INV-000718', 1, '2020-12-19 20:45:56'),
('INV-000719', 1, '2020-12-20 20:45:56'),
('INV-000720', 1, '2020-12-21 20:45:56'),
('INV-000721', 1, '2020-12-22 20:45:56'),
('INV-000722', 1, '2020-12-23 20:45:56'),
('INV-000723', 1, '2020-12-24 20:45:56'),
('INV-000724', 1, '2020-12-25 20:45:56'),
('INV-000725', 1, '2020-12-26 20:45:56'),
('INV-000726', 1, '2020-12-27 20:45:56'),
('INV-000727', 1, '2020-12-28 20:45:56'),
('INV-000728', 1, '2020-12-29 20:45:56'),
('INV-000729', 1, '2020-12-30 20:45:56'),
('INV-000730', 1, '2020-12-31 20:45:56');

-- --------------------------------------------------------

--
-- Struktur dari tabel `tb_peramalan`
--

CREATE TABLE `tb_peramalan` (
  `id_peramalan` int(11) NOT NULL,
  `kode_barang` varchar(7) NOT NULL,
  `timeframe` varchar(10) NOT NULL,
  `alpha` varchar(5) NOT NULL,
  `tanggalawal` varchar(30) NOT NULL,
  `tanggalakhir` varchar(30) NOT NULL,
  `perhitungan` longtext CHARACTER SET utf8mb4 COLLATE utf8mb4_bin NOT NULL CHECK (json_valid(`perhitungan`)),
  `created_at` timestamp NOT NULL DEFAULT current_timestamp()
) ENGINE=InnoDB DEFAULT CHARSET=utf8mb4;

--
-- Dumping data untuk tabel `tb_peramalan`
--

INSERT INTO `tb_peramalan` (`id_peramalan`, `kode_barang`, `timeframe`, `alpha`, `tanggalawal`, `tanggalakhir`, `perhitungan`, `created_at`) VALUES
(8, 'BR001', 'month', '0.1', '1646089200', '1646002800', '{\n    \"hasil_perhitungan\": [\n        {\n            \"bulan\": \"2022-01-01\",\n            \"actual\": \"310\",\n            \"forecast\": \"310\"\n        },\n        {\n            \"bulan\": \"2022-02-01\",\n            \"actual\": \"280\",\n            \"forecast\": 310\n        },\n        {\n            \"bulan\": \"Hasil\",\n            \"actual\": 0,\n            \"forecast\": 307\n        }\n    ],\n    \"avg_mad\": 15,\n    \"avg_mse\": 450,\n    \"avg_mape\": 5.357142857142857\n}', '2022-06-19 14:19:02'),
(9, 'BR001', 'week', '0.1', '1641596400', '1641510000', '{\n    \"hasil_perhitungan\": [\n        {\n            \"bulan\": \"2022-01-01\",\n            \"actual\": \"20\",\n            \"forecast\": \"20\"\n        },\n        {\n            \"bulan\": \"2022-01-03\",\n            \"actual\": \"70\",\n            \"forecast\": 20\n        },\n        {\n            \"bulan\": \"Hasil\",\n            \"actual\": 0,\n            \"forecast\": 25\n        }\n    ],\n    \"avg_mad\": 25,\n    \"avg_mse\": 1250,\n    \"avg_mape\": 35.714285714285715\n}', '2022-06-19 14:20:12'),
(10, 'BR001', 'week', '0.1', '1646089200', '1646002800', '{\n    \"hasil_perhitungan\": [\n        {\n            \"bulan\": \"2022-01-31\",\n            \"actual\": \"10\",\n            \"forecast\": \"10\"\n        },\n        {\n            \"bulan\": \"2022-02-01\",\n            \"actual\": \"60\",\n            \"forecast\": 10\n        },\n        {\n            \"bulan\": \"2022-02-07\",\n            \"actual\": \"70\",\n            \"forecast\": 15\n        },\n        {\n            \"bulan\": \"2022-02-14\",\n            \"actual\": \"70\",\n            \"forecast\": 20.5\n        },\n        {\n            \"bulan\": \"2022-02-21\",\n            \"actual\": \"70\",\n            \"forecast\": 25.45\n        },\n        {\n            \"bulan\": \"2022-02-28\",\n            \"actual\": \"10\",\n            \"forecast\": 29.905\n        },\n        {\n            \"bulan\": \"Hasil\",\n            \"actual\": 0,\n            \"forecast\": 27.9145\n        }\n    ],\n    \"avg_mad\": 36.4925,\n    \"avg_mse\": 1726.0269208333332,\n    \"avg_mape\": 82.55198412698412\n}', '2022-06-19 14:22:26'),
(11, 'BR001', 'week', '0.1', '1646089200', '1646002800', '{\n    \"hasil_perhitungan\": [\n        {\n            \"bulan\": \"2022-01-31\",\n            \"actual\": \"10\",\n            \"forecast\": \"10\"\n        },\n        {\n            \"bulan\": \"2022-02-01\",\n            \"actual\": \"60\",\n            \"forecast\": 10\n        },\n        {\n            \"bulan\": \"2022-02-07\",\n            \"actual\": \"70\",\n            \"forecast\": 15\n        },\n        {\n            \"bulan\": \"2022-02-14\",\n            \"actual\": \"70\",\n            \"forecast\": 20.5\n        },\n        {\n            \"bulan\": \"2022-02-21\",\n            \"actual\": \"70\",\n            \"forecast\": 25.45\n        },\n        {\n            \"bulan\": \"2022-02-28\",\n            \"actual\": \"10\",\n            \"forecast\": 29.905\n        },\n        {\n            \"bulan\": \"Hasil\",\n            \"actual\": 0,\n            \"forecast\": 27.9145\n        }\n    ],\n    \"avg_mad\": 36.4925,\n    \"avg_mse\": 1726.0269208333332,\n    \"avg_mape\": 82.55198412698412\n}', '2022-06-19 14:23:51'),
(12, 'BR001', 'week', '0.1', '1644447600', '1644361200', '{\n    \"hasil_perhitungan\": [\n        {\n            \"bulan\": \"2022-01-24\",\n            \"actual\": \"70\",\n            \"forecast\": \"70\"\n        },\n        {\n            \"bulan\": \"2022-01-31\",\n            \"actual\": \"10\",\n            \"forecast\": 70\n        },\n        {\n            \"bulan\": \"2022-02-01\",\n            \"actual\": \"60\",\n            \"forecast\": 64\n        },\n        {\n            \"bulan\": \"2022-02-07\",\n            \"actual\": \"70\",\n            \"forecast\": 63.6\n        },\n        {\n            \"bulan\": \"Hasil\",\n            \"actual\": 0,\n            \"forecast\": 64.24000000000001\n        }\n    ],\n    \"avg_mad\": 17.6,\n    \"avg_mse\": 914.24,\n    \"avg_mape\": 153.95238095238093\n}', '2022-06-19 14:30:55'),
(13, 'BR001', 'month', '0.1', '1646089200', '1646002800', '{\n    \"hasil_perhitungan\": [\n        {\n            \"bulan\": \"2022-01-01\",\n            \"actual\": \"310\",\n            \"forecast\": \"310\"\n        },\n        {\n            \"bulan\": \"2022-02-01\",\n            \"actual\": \"280\",\n            \"forecast\": 310\n        },\n        {\n            \"bulan\": \"Hasil\",\n            \"actual\": 0,\n            \"forecast\": 307\n        }\n    ],\n    \"avg_mad\": 15,\n    \"avg_mse\": 450,\n    \"avg_mape\": 5.357142857142857\n}', '2022-06-19 14:32:28'),
(14, 'MTR001', 'month', '0.1', '1643670000', '1643583600', '{\n    \"hasil_perhitungan\": [\n        {\n            \"bulan\": \"2022-01-01\",\n            \"actual\": \"358\",\n            \"forecast\": \"358\"\n        },\n        {\n            \"bulan\": \"Hasil\",\n            \"actual\": 0,\n            \"forecast\": 358\n        }\n    ],\n    \"avg_mad\": 0,\n    \"avg_mse\": 0,\n    \"avg_mape\": 0\n}', '2022-06-19 15:16:52'),
(15, 'BR001', 'week', '0.1', '1646089200', '1646002800', '{\n    \"hasil_perhitungan\": [\n        {\n            \"bulan\": \"2022-01-01\",\n            \"actual\": \"20\",\n            \"forecast\": \"20\"\n        },\n        {\n            \"bulan\": \"2022-01-03\",\n            \"actual\": \"70\",\n            \"forecast\": 20\n        },\n        {\n            \"bulan\": \"2022-01-10\",\n            \"actual\": \"70\",\n            \"forecast\": 25\n        },\n        {\n            \"bulan\": \"2022-01-17\",\n            \"actual\": \"70\",\n            \"forecast\": 29.5\n        },\n        {\n            \"bulan\": \"2022-01-24\",\n            \"actual\": \"70\",\n            \"forecast\": 33.55\n        },\n        {\n            \"bulan\": \"2022-01-31\",\n            \"actual\": \"10\",\n            \"forecast\": 37.19499999999999\n        },\n        {\n            \"bulan\": \"2022-02-01\",\n            \"actual\": \"60\",\n            \"forecast\": 34.4755\n        },\n        {\n            \"bulan\": \"2022-02-07\",\n            \"actual\": \"70\",\n            \"forecast\": 37.02795\n        },\n        {\n            \"bulan\": \"2022-02-14\",\n            \"actual\": \"70\",\n            \"forecast\": 40.325154999999995\n        },\n        {\n            \"bulan\": \"2022-02-21\",\n            \"actual\": \"70\",\n            \"forecast\": 43.2926395\n        },\n        {\n            \"bulan\": \"2022-02-28\",\n            \"actual\": \"10\",\n            \"forecast\": 45.96337555\n        },\n        {\n            \"bulan\": \"Hasil\",\n            \"actual\": 0,\n            \"forecast\": 42.367037995000004\n        }\n    ],\n    \"avg_mad\": 31.817011913636364,\n    \"avg_mse\": 1169.029147095802,\n    \"avg_mape\": 95.21967112770562\n}', '2022-06-19 15:29:59'),
(16, 'BR001', 'month', '0.1', '1646089200', '1646002800', '{\n    \"hasil_perhitungan\": [\n        {\n            \"bulan\": \"2022-01-01\",\n            \"actual\": \"310\",\n            \"forecast\": \"310\"\n        },\n        {\n            \"bulan\": \"2022-02-01\",\n            \"actual\": \"280\",\n            \"forecast\": 310\n        },\n        {\n            \"bulan\": \"Hasil\",\n            \"actual\": 0,\n            \"forecast\": 307\n        }\n    ],\n    \"avg_mad\": 15,\n    \"avg_mse\": 450,\n    \"avg_mape\": 5.357142857142857\n}', '2022-06-19 15:30:05'),
(17, 'MTR001', 'month', '0.1', '1646089200', '1646002800', '{\n    \"hasil_perhitungan\": [\n        {\n            \"bulan\": \"2022-01-01\",\n            \"actual\": \"358\",\n            \"forecast\": \"358\"\n        },\n        {\n            \"bulan\": \"2022-02-01\",\n            \"actual\": \"335\",\n            \"forecast\": 358\n        },\n        {\n            \"bulan\": \"Hasil\",\n            \"actual\": 0,\n            \"forecast\": 355.7\n        }\n    ],\n    \"avg_mad\": 11.5,\n    \"avg_mse\": 264.5,\n    \"avg_mape\": 3.4328358208955225\n}', '2022-06-19 15:32:43'),
(18, 'MTR001', '2 week', '0.1', '1646607600', '1646002800', '{\n    \"hasil_perhitungan\": [\n        {\n            \"bulan\": \"2022-01-01\",\n            \"actual\": \"99\",\n            \"forecast\": \"99\"\n        },\n        {\n            \"bulan\": \"2022-01-10\",\n            \"actual\": \"171\",\n            \"forecast\": 99.00000000000001\n        },\n        {\n            \"bulan\": \"2022-01-24\",\n            \"actual\": \"88\",\n            \"forecast\": 106.20000000000002\n        },\n        {\n            \"bulan\": \"2022-02-01\",\n            \"actual\": \"67\",\n            \"forecast\": 104.38000000000001\n        },\n        {\n            \"bulan\": \"2022-02-07\",\n            \"actual\": \"183\",\n            \"forecast\": 100.64200000000001\n        },\n        {\n            \"bulan\": \"2022-02-21\",\n            \"actual\": \"85\",\n            \"forecast\": 108.87780000000001\n        },\n        {\n            \"bulan\": \"Hasil\",\n            \"actual\": 0,\n            \"forecast\": 106.49002000000002\n        }\n    ],\n    \"avg_mad\": 38.9693,\n    \"avg_mse\": 2377.58231614,\n    \"avg_mape\": 31.94567118538275\n}', '2022-06-19 15:36:33'),
(19, 'MTR001', 'month', '0.1', '1554069600', '1553986800', '{\n    \"hasil_perhitungan\": [\n        {\n            \"bulan\": \"2019-01-10\",\n            \"actual\": \"259\",\n            \"forecast\": \"259\"\n        },\n        {\n            \"bulan\": \"2019-02-01\",\n            \"actual\": \"347\",\n            \"forecast\": 259\n        },\n        {\n            \"bulan\": \"Hasil\",\n            \"actual\": 0,\n            \"forecast\": 267.8\n        }\n    ],\n    \"avg_mad\": 44,\n    \"avg_mse\": 3872,\n    \"avg_mape\": 12.680115273775217\n}', '2022-06-19 17:10:12'),
(20, 'MTR001', 'month', '0.1', '1551394800', '1551308400', '{\n    \"hasil_perhitungan\": [\n        {\n            \"bulan\": \"2019-01-10\",\n            \"actual\": \"259\",\n            \"forecast\": \"259\"\n        },\n        {\n            \"bulan\": \"2019-02-01\",\n            \"actual\": \"347\",\n            \"forecast\": 259\n        },\n        {\n            \"bulan\": \"Hasil\",\n            \"actual\": 0,\n            \"forecast\": 267.8\n        }\n    ],\n    \"avg_mad\": 44,\n    \"avg_mse\": 3872,\n    \"avg_mape\": 12.680115273775217\n}', '2022-06-19 17:11:40'),
(21, 'MTR001', 'month', '0.1', '1554069600', '1553986800', '{\n    \"hasil_perhitungan\": [\n        {\n            \"bulan\": \"2019-01-01\",\n            \"actual\": \"358\",\n            \"forecast\": \"358\"\n        },\n        {\n            \"bulan\": \"2019-02-01\",\n            \"actual\": \"347\",\n            \"forecast\": 358\n        },\n        {\n            \"bulan\": \"2019-03-01\",\n            \"actual\": \"360\",\n            \"forecast\": 356.9\n        },\n        {\n            \"bulan\": \"Hasil\",\n            \"actual\": 0,\n            \"forecast\": 357.21\n        }\n    ],\n    \"avg_mad\": 4.700000000000007,\n    \"avg_mse\": 43.53666666666671,\n    \"avg_mape\": 1.3437133098516405\n}', '2022-06-19 17:21:08'),
(22, 'MTR001', 'month', '0.1', '1577833200', '1577746800', '{\n    \"hasil_perhitungan\": [\n        {\n            \"bulan\": \"2019-01-01\",\n            \"actual\": \"358\",\n            \"forecast\": \"358\"\n        },\n        {\n            \"bulan\": \"2019-02-01\",\n            \"actual\": \"347\",\n            \"forecast\": 358\n        },\n        {\n            \"bulan\": \"2019-03-01\",\n            \"actual\": \"360\",\n            \"forecast\": 356.9\n        },\n        {\n            \"bulan\": \"2019-04-01\",\n            \"actual\": \"349\",\n            \"forecast\": 357.21\n        },\n        {\n            \"bulan\": \"Hasil\",\n            \"actual\": 0,\n            \"forecast\": 356.38899999999995\n        }\n    ],\n    \"avg_mad\": 5.577500000000001,\n    \"avg_mse\": 49.50352499999995,\n    \"avg_mape\": 1.5958938649102188\n}', '2022-06-19 17:28:13'),
(23, 'MTR001', 'month', '0.9', '1577833200', '1577746800', '{\n    \"hasil_perhitungan\": [\n        {\n            \"bulan\": \"2019-01-01\",\n            \"actual\": \"358\",\n            \"forecast\": \"358\"\n        },\n        {\n            \"bulan\": \"2019-02-01\",\n            \"actual\": \"347\",\n            \"forecast\": 358\n        },\n        {\n            \"bulan\": \"2019-03-01\",\n            \"actual\": \"360\",\n            \"forecast\": 348.1\n        },\n        {\n            \"bulan\": \"2019-04-01\",\n            \"actual\": \"349\",\n            \"forecast\": 358.81\n        },\n        {\n            \"bulan\": \"Hasil\",\n            \"actual\": 0,\n            \"forecast\": 349.981\n        }\n    ],\n    \"avg_mad\": 8.177499999999995,\n    \"avg_mse\": 89.71152499999988,\n    \"avg_mape\": 2.321618156537088\n}', '2022-06-19 17:29:27'),
(24, 'MTR001', 'month', '0.1', '1577833200', '1577746800', '{\n    \"hasil_perhitungan\": [\n        {\n            \"bulan\": \"2019-01-01\",\n            \"actual\": \"358\",\n            \"forecast\": \"358\"\n        },\n        {\n            \"bulan\": \"2019-02-01\",\n            \"actual\": \"347\",\n            \"forecast\": 358\n        },\n        {\n            \"bulan\": \"2019-03-01\",\n            \"actual\": \"360\",\n            \"forecast\": 356.9\n        },\n        {\n            \"bulan\": \"2019-04-01\",\n            \"actual\": \"349\",\n            \"forecast\": 357.21\n        },\n        {\n            \"bulan\": \"Hasil\",\n            \"actual\": 0,\n            \"forecast\": 356.38899999999995\n        }\n    ],\n    \"avg_mad\": 5.577500000000001,\n    \"avg_mse\": 49.50352499999995,\n    \"avg_mape\": 1.5958938649102188\n}', '2022-06-19 17:52:35'),
(25, 'MTR001', 'week', '0.1', '1590962400', '1590876000', '{\n    \"hasil_perhitungan\": [\n        {\n            \"bulan\": \"2019-01-01\",\n            \"actual\": \"66\",\n            \"forecast\": \"66\"\n        },\n        {\n            \"bulan\": \"2019-01-07\",\n            \"actual\": \"77\",\n            \"forecast\": 66\n        },\n        {\n            \"bulan\": \"2019-01-14\",\n            \"actual\": \"92\",\n            \"forecast\": 67.1\n        },\n        {\n            \"bulan\": \"2019-01-21\",\n            \"actual\": \"75\",\n            \"forecast\": 69.58999999999999\n        },\n        {\n            \"bulan\": \"2019-01-28\",\n            \"actual\": \"48\",\n            \"forecast\": 70.131\n        },\n        {\n            \"bulan\": \"2019-02-01\",\n            \"actual\": \"26\",\n            \"forecast\": 67.9179\n        },\n        {\n            \"bulan\": \"2019-02-04\",\n            \"actual\": \"86\",\n            \"forecast\": 63.726110000000006\n        },\n        {\n            \"bulan\": \"2019-02-11\",\n            \"actual\": \"102\",\n            \"forecast\": 65.95349900000001\n        },\n        {\n            \"bulan\": \"2019-02-18\",\n            \"actual\": \"80\",\n            \"forecast\": 69.55814910000001\n        },\n        {\n            \"bulan\": \"2019-02-25\",\n            \"actual\": \"53\",\n            \"forecast\": 70.60233419000001\n        },\n        {\n            \"bulan\": \"2019-03-01\",\n            \"actual\": \"41\",\n            \"forecast\": 68.842100771\n        },\n        {\n            \"bulan\": \"2019-03-04\",\n            \"actual\": \"68\",\n            \"forecast\": 66.0578906939\n        },\n        {\n            \"bulan\": \"2019-03-11\",\n            \"actual\": \"81\",\n            \"forecast\": 66.25210162451\n        },\n        {\n            \"bulan\": \"2019-03-18\",\n            \"actual\": \"80\",\n            \"forecast\": 67.726891462059\n        },\n        {\n            \"bulan\": \"2019-03-25\",\n            \"actual\": \"90\",\n            \"forecast\": 68.95420231585311\n        },\n        {\n            \"bulan\": \"2019-04-01\",\n            \"actual\": \"88\",\n            \"forecast\": 71.05878208426779\n        },\n        {\n            \"bulan\": \"2019-04-08\",\n            \"actual\": \"89\",\n            \"forecast\": 72.75290387584101\n        },\n        {\n            \"bulan\": \"2019-04-15\",\n            \"actual\": \"74\",\n            \"forecast\": 74.37761348825693\n        },\n        {\n            \"bulan\": \"2019-04-22\",\n            \"actual\": \"72\",\n            \"forecast\": 74.33985213943124\n        },\n        {\n            \"bulan\": \"2019-04-29\",\n            \"actual\": \"26\",\n            \"forecast\": 74.10586692548813\n        },\n        {\n            \"bulan\": \"Hasil\",\n            \"actual\": 0,\n            \"forecast\": 69.29528023293932\n        }\n    ],\n    \"avg_mad\": 17.679306867887266,\n    \"avg_mse\": 484.6147511974156,\n    \"avg_mape\": 35.8691370416952\n}', '2022-06-19 17:58:17'),
(26, 'MTR001', 'month', '0.1', '1590962400', '1590876000', '{\n    \"hasil_perhitungan\": [\n        {\n            \"bulan\": \"2019-01-01\",\n            \"actual\": \"358\",\n            \"forecast\": \"358\"\n        },\n        {\n            \"bulan\": \"2019-02-01\",\n            \"actual\": \"347\",\n            \"forecast\": 358\n        },\n        {\n            \"bulan\": \"2019-03-01\",\n            \"actual\": \"360\",\n            \"forecast\": 356.9\n        },\n        {\n            \"bulan\": \"2019-04-01\",\n            \"actual\": \"349\",\n            \"forecast\": 357.21\n        },\n        {\n            \"bulan\": \"Hasil\",\n            \"actual\": 0,\n            \"forecast\": 356.38899999999995\n        }\n    ],\n    \"avg_mad\": 5.577500000000001,\n    \"avg_mse\": 49.50352499999995,\n    \"avg_mape\": 1.5958938649102188\n}', '2022-06-19 17:58:25'),
(27, 'MTR001', 'month', '0.1', '1575241200', '1575154800', '{\n    \"hasil_perhitungan\": [\n        {\n            \"bulan\": \"2019-01-01\",\n            \"actual\": \"358\",\n            \"forecast\": \"358\"\n        },\n        {\n            \"bulan\": \"2019-02-01\",\n            \"actual\": \"347\",\n            \"forecast\": 358\n        },\n        {\n            \"bulan\": \"2019-03-01\",\n            \"actual\": \"360\",\n            \"forecast\": 356.9\n        },\n        {\n            \"bulan\": \"2019-04-01\",\n            \"actual\": \"349\",\n            \"forecast\": 357.21\n        },\n        {\n            \"bulan\": \"Hasil\",\n            \"actual\": 0,\n            \"forecast\": 356.38899999999995\n        }\n    ],\n    \"avg_mad\": 5.577500000000001,\n    \"avg_mse\": 49.50352499999995,\n    \"avg_mape\": 1.5958938649102188\n}', '2022-06-19 17:59:14'),
(28, 'MTR001', 'week', '0.1', '1580511600', '1580425200', '{\n    \"hasil_perhitungan\": [\n        {\n            \"bulan\": \"2019-01-01\",\n            \"actual\": \"66\",\n            \"forecast\": \"66\"\n        },\n        {\n            \"bulan\": \"2019-01-07\",\n            \"actual\": \"77\",\n            \"forecast\": 66\n        },\n        {\n            \"bulan\": \"2019-01-14\",\n            \"actual\": \"92\",\n            \"forecast\": 67.1\n        },\n        {\n            \"bulan\": \"2019-01-21\",\n            \"actual\": \"75\",\n            \"forecast\": 69.58999999999999\n        },\n        {\n            \"bulan\": \"2019-01-28\",\n            \"actual\": \"48\",\n            \"forecast\": 70.131\n        },\n        {\n            \"bulan\": \"2019-02-01\",\n            \"actual\": \"26\",\n            \"forecast\": 67.9179\n        },\n        {\n            \"bulan\": \"2019-02-04\",\n            \"actual\": \"86\",\n            \"forecast\": 63.726110000000006\n        },\n        {\n            \"bulan\": \"2019-02-11\",\n            \"actual\": \"102\",\n            \"forecast\": 65.95349900000001\n        },\n        {\n            \"bulan\": \"2019-02-18\",\n            \"actual\": \"80\",\n            \"forecast\": 69.55814910000001\n        },\n        {\n            \"bulan\": \"2019-02-25\",\n            \"actual\": \"53\",\n            \"forecast\": 70.60233419000001\n        },\n        {\n            \"bulan\": \"2019-03-01\",\n            \"actual\": \"41\",\n            \"forecast\": 68.842100771\n        },\n        {\n            \"bulan\": \"2019-03-04\",\n            \"actual\": \"68\",\n            \"forecast\": 66.0578906939\n        },\n        {\n            \"bulan\": \"2019-03-11\",\n            \"actual\": \"81\",\n            \"forecast\": 66.25210162451\n        },\n        {\n            \"bulan\": \"2019-03-18\",\n            \"actual\": \"80\",\n            \"forecast\": 67.726891462059\n        },\n        {\n            \"bulan\": \"2019-03-25\",\n            \"actual\": \"90\",\n            \"forecast\": 68.95420231585311\n        },\n        {\n            \"bulan\": \"2019-04-01\",\n            \"actual\": \"88\",\n            \"forecast\": 71.05878208426779\n        },\n        {\n            \"bulan\": \"2019-04-08\",\n            \"actual\": \"89\",\n            \"forecast\": 72.75290387584101\n        },\n        {\n            \"bulan\": \"2019-04-15\",\n            \"actual\": \"74\",\n            \"forecast\": 74.37761348825693\n        },\n        {\n            \"bulan\": \"2019-04-22\",\n            \"actual\": \"72\",\n            \"forecast\": 74.33985213943124\n        },\n        {\n            \"bulan\": \"2019-04-29\",\n            \"actual\": \"26\",\n            \"forecast\": 74.10586692548813\n        },\n        {\n            \"bulan\": \"2019-05-01\",\n            \"actual\": \"76\",\n            \"forecast\": 69.29528023293932\n        },\n        {\n            \"bulan\": \"2019-05-06\",\n            \"actual\": \"68\",\n            \"forecast\": 69.96575220964539\n        },\n        {\n            \"bulan\": \"2019-05-13\",\n            \"actual\": \"84\",\n            \"forecast\": 69.76917698868085\n        },\n        {\n            \"bulan\": \"2019-05-20\",\n            \"actual\": \"100\",\n            \"forecast\": 71.19225928981277\n        },\n        {\n            \"bulan\": \"2019-05-27\",\n            \"actual\": \"51\",\n            \"forecast\": 74.07303336083149\n        },\n        {\n            \"bulan\": \"2019-06-01\",\n            \"actual\": \"33\",\n            \"forecast\": 71.76573002474834\n        },\n        {\n            \"bulan\": \"2019-06-03\",\n            \"actual\": \"92\",\n            \"forecast\": 67.88915702227351\n        },\n        {\n            \"bulan\": \"2019-06-10\",\n            \"actual\": \"84\",\n            \"forecast\": 70.30024132004615\n        },\n        {\n            \"bulan\": \"2019-06-17\",\n            \"actual\": \"71\",\n            \"forecast\": 71.67021718804155\n        },\n        {\n            \"bulan\": \"2019-06-24\",\n            \"actual\": \"100\",\n            \"forecast\": 71.60319546923739\n        },\n        {\n            \"bulan\": \"2019-07-01\",\n            \"actual\": \"73\",\n            \"forecast\": 74.44287592231366\n        },\n        {\n            \"bulan\": \"2019-07-08\",\n            \"actual\": \"102\",\n            \"forecast\": 74.2985883300823\n        },\n        {\n            \"bulan\": \"2019-07-15\",\n            \"actual\": \"106\",\n            \"forecast\": 77.06872949707407\n        },\n        {\n            \"bulan\": \"2019-07-22\",\n            \"actual\": \"95\",\n            \"forecast\": 79.96185654736666\n        },\n        {\n            \"bulan\": \"2019-07-29\",\n            \"actual\": \"43\",\n            \"forecast\": 81.46567089263\n        },\n        {\n            \"bulan\": \"2019-08-01\",\n            \"actual\": \"44\",\n            \"forecast\": 77.619103803367\n        },\n        {\n            \"bulan\": \"2019-08-05\",\n            \"actual\": \"96\",\n            \"forecast\": 74.2571934230303\n        },\n        {\n            \"bulan\": \"2019-08-12\",\n            \"actual\": \"80\",\n            \"forecast\": 76.43147408072727\n        },\n        {\n            \"bulan\": \"2019-08-19\",\n            \"actual\": \"95\",\n            \"forecast\": 76.78832667265455\n        },\n        {\n            \"bulan\": \"2019-08-26\",\n            \"actual\": \"62\",\n            \"forecast\": 78.6094940053891\n        },\n        {\n            \"bulan\": \"2019-09-01\",\n            \"actual\": \"9\",\n            \"forecast\": 76.94854460485018\n        },\n        {\n            \"bulan\": \"2019-09-02\",\n            \"actual\": \"94\",\n            \"forecast\": 70.15369014436517\n        },\n        {\n            \"bulan\": \"2019-09-09\",\n            \"actual\": \"83\",\n            \"forecast\": 72.53832112992866\n        },\n        {\n            \"bulan\": \"2019-09-16\",\n            \"actual\": \"70\",\n            \"forecast\": 73.58448901693579\n        },\n        {\n            \"bulan\": \"2019-09-23\",\n            \"actual\": \"103\",\n            \"forecast\": 73.22604011524221\n        },\n        {\n            \"bulan\": \"2019-09-30\",\n            \"actual\": \"15\",\n            \"forecast\": 76.20343610371799\n        },\n        {\n            \"bulan\": \"2019-10-01\",\n            \"actual\": \"63\",\n            \"forecast\": 70.0830924933462\n        },\n        {\n            \"bulan\": \"2019-10-07\",\n            \"actual\": \"71\",\n            \"forecast\": 69.37478324401158\n        },\n        {\n            \"bulan\": \"2019-10-14\",\n            \"actual\": \"108\",\n            \"forecast\": 69.53730491961042\n        },\n        {\n            \"bulan\": \"2019-10-21\",\n            \"actual\": \"84\",\n            \"forecast\": 73.38357442764938\n        },\n        {\n            \"bulan\": \"2019-10-28\",\n            \"actual\": \"41\",\n            \"forecast\": 74.44521698488445\n        },\n        {\n            \"bulan\": \"2019-11-01\",\n            \"actual\": \"30\",\n            \"forecast\": 71.100695286396\n        },\n        {\n            \"bulan\": \"2019-11-04\",\n            \"actual\": \"69\",\n            \"forecast\": 66.9906257577564\n        },\n        {\n            \"bulan\": \"2019-11-11\",\n            \"actual\": \"85\",\n            \"forecast\": 67.19156318198077\n        },\n        {\n            \"bulan\": \"2019-11-18\",\n            \"actual\": \"89\",\n            \"forecast\": 68.9724068637827\n        },\n        {\n            \"bulan\": \"2019-11-25\",\n            \"actual\": \"62\",\n            \"forecast\": 70.97516617740443\n        },\n        {\n            \"bulan\": \"2019-12-01\",\n            \"actual\": \"10\",\n            \"forecast\": 70.077649559664\n        },\n        {\n            \"bulan\": \"2019-12-02\",\n            \"actual\": \"88\",\n            \"forecast\": 64.0698846036976\n        },\n        {\n            \"bulan\": \"2019-12-09\",\n            \"actual\": \"85\",\n            \"forecast\": 66.46289614332784\n        },\n        {\n            \"bulan\": \"2019-12-16\",\n            \"actual\": \"89\",\n            \"forecast\": 68.31660652899507\n        },\n        {\n            \"bulan\": \"2019-12-23\",\n            \"actual\": \"77\",\n            \"forecast\": 70.38494587609556\n        },\n        {\n            \"bulan\": \"2019-12-30\",\n            \"actual\": \"30\",\n            \"forecast\": 71.046451288486\n        },\n        {\n            \"bulan\": \"Hasil\",\n            \"actual\": 0,\n            \"forecast\": 66.9418061596374\n        }\n    ],\n    \"avg_mad\": 20.777494104355295,\n    \"avg_mse\": 674.1588360966073,\n    \"avg_mape\": 59.92329951024556\n}', '2022-06-21 03:20:36'),
(29, 'MTR001', 'month', '0.1', '1580511600', '1580425200', '{\n    \"hasil_perhitungan\": [\n        {\n            \"bulan\": \"2019-01-01\",\n            \"actual\": \"358\",\n            \"forecast\": \"358\"\n        },\n        {\n            \"bulan\": \"2019-02-01\",\n            \"actual\": \"347\",\n            \"forecast\": 358\n        },\n        {\n            \"bulan\": \"2019-03-01\",\n            \"actual\": \"360\",\n            \"forecast\": 356.9\n        },\n        {\n            \"bulan\": \"2019-04-01\",\n            \"actual\": \"349\",\n            \"forecast\": 357.21\n        },\n        {\n            \"bulan\": \"2019-05-01\",\n            \"actual\": \"379\",\n            \"forecast\": 356.38899999999995\n        },\n        {\n            \"bulan\": \"2019-06-01\",\n            \"actual\": \"380\",\n            \"forecast\": 358.65009999999995\n        },\n        {\n            \"bulan\": \"2019-07-01\",\n            \"actual\": \"419\",\n            \"forecast\": 360.78508999999997\n        },\n        {\n            \"bulan\": \"2019-08-01\",\n            \"actual\": \"377\",\n            \"forecast\": 366.606581\n        },\n        {\n            \"bulan\": \"2019-09-01\",\n            \"actual\": \"374\",\n            \"forecast\": 367.6459229\n        },\n        {\n            \"bulan\": \"2019-10-01\",\n            \"actual\": \"367\",\n            \"forecast\": 368.28133061\n        },\n        {\n            \"bulan\": \"2019-11-01\",\n            \"actual\": \"335\",\n            \"forecast\": 368.15319754899997\n        },\n        {\n            \"bulan\": \"2019-12-01\",\n            \"actual\": \"379\",\n            \"forecast\": 364.8378777941\n        },\n        {\n            \"bulan\": \"Hasil\",\n            \"actual\": 0,\n            \"forecast\": 366.25409001469\n        }\n    ],\n    \"avg_mad\": 15.819163038741673,\n    \"avg_mse\": 500.31707273753324,\n    \"avg_mape\": 4.191654473480308\n}', '2022-06-21 03:20:50'),
(30, 'MTR001', 'month', '0.9', '1577833200', '1577746800', '{\n    \"hasil_perhitungan\": [\n        {\n            \"bulan\": \"2019-01-01\",\n            \"actual\": \"358\",\n            \"forecast\": \"358\"\n        },\n        {\n            \"bulan\": \"2019-02-01\",\n            \"actual\": \"347\",\n            \"forecast\": 358\n        },\n        {\n            \"bulan\": \"2019-03-01\",\n            \"actual\": \"360\",\n            \"forecast\": 348.1\n        },\n        {\n            \"bulan\": \"2019-04-01\",\n            \"actual\": \"349\",\n            \"forecast\": 358.81\n        },\n        {\n            \"bulan\": \"2019-05-01\",\n            \"actual\": \"379\",\n            \"forecast\": 349.981\n        },\n        {\n            \"bulan\": \"2019-06-01\",\n            \"actual\": \"380\",\n            \"forecast\": 376.09810000000004\n        },\n        {\n            \"bulan\": \"2019-07-01\",\n            \"actual\": \"419\",\n            \"forecast\": 379.60981\n        },\n        {\n            \"bulan\": \"2019-08-01\",\n            \"actual\": \"377\",\n            \"forecast\": 415.060981\n        },\n        {\n            \"bulan\": \"2019-09-01\",\n            \"actual\": \"374\",\n            \"forecast\": 380.8060981\n        },\n        {\n            \"bulan\": \"2019-10-01\",\n            \"actual\": \"367\",\n            \"forecast\": 374.68060981\n        },\n        {\n            \"bulan\": \"2019-11-01\",\n            \"actual\": \"335\",\n            \"forecast\": 367.768060981\n        },\n        {\n            \"bulan\": \"2019-12-01\",\n            \"actual\": \"379\",\n            \"forecast\": 338.2768060981\n        },\n        {\n            \"bulan\": \"Hasil\",\n            \"actual\": 0,\n            \"forecast\": 374.92768060981\n        }\n    ],\n    \"avg_mad\": 19.255002816075002,\n    \"avg_mse\": 587.8198089962531,\n    \"avg_mape\": 5.158817158187162\n}', '2022-06-21 03:21:52'),
(31, 'MTR001', 'week', '0.1', '1549839600', '1549753200', '{\n    \"hasil_perhitungan\": [\n        {\n            \"bulan\": \"2019-01-28\",\n            \"actual\": \"48\",\n            \"forecast\": \"48\"\n        },\n        {\n            \"bulan\": \"2019-02-01\",\n            \"actual\": \"26\",\n            \"forecast\": 48\n        },\n        {\n            \"bulan\": \"2019-02-04\",\n            \"actual\": \"86\",\n            \"forecast\": 45.800000000000004\n        },\n        {\n            \"bulan\": \"Hasil\",\n            \"actual\": 0,\n            \"forecast\": 49.82000000000001\n        }\n    ],\n    \"avg_mad\": 20.73333333333333,\n    \"avg_mse\": 700.0133333333333,\n    \"avg_mape\": 43.78652355396542\n}', '2022-06-21 03:33:04'),
(32, 'MTR001', 'week', '0.1', '1546902000', '1546815600', '{\n    \"hasil_perhitungan\": [\n        {\n            \"bulan\": \"2019-01-07\",\n            \"actual\": \"77\",\n            \"forecast\": \"77\"\n        },\n        {\n            \"bulan\": \"Hasil\",\n            \"actual\": 0,\n            \"forecast\": 77\n        }\n    ],\n    \"avg_mad\": 0,\n    \"avg_mse\": 0,\n    \"avg_mape\": 0\n}', '2022-06-21 03:34:27'),
(33, 'MTR001', 'week', '0.1', '1547506800', '1547420400', '{\n    \"hasil_perhitungan\": [\n        {\n            \"bulan\": \"2019-01-07\",\n            \"actual\": \"77\",\n            \"forecast\": \"77\"\n        },\n        {\n            \"bulan\": \"2019-01-14\",\n            \"actual\": \"92\",\n            \"forecast\": 77\n        },\n        {\n            \"bulan\": \"Hasil\",\n            \"actual\": 0,\n            \"forecast\": 78.5\n        }\n    ],\n    \"avg_mad\": 7.5,\n    \"avg_mse\": 112.5,\n    \"avg_mape\": 8.152173913043478\n}', '2022-06-21 03:34:49'),
(34, 'MTR001', 'week', '0.1', '1548111600', '1548025200', '{\n    \"hasil_perhitungan\": [\n        {\n            \"bulan\": \"2019-01-07\",\n            \"actual\": \"77\",\n            \"forecast\": \"77\"\n        },\n        {\n            \"bulan\": \"2019-01-14\",\n            \"actual\": \"92\",\n            \"forecast\": 77\n        },\n        {\n            \"bulan\": \"2019-01-21\",\n            \"actual\": \"75\",\n            \"forecast\": 78.5\n        },\n        {\n            \"bulan\": \"Hasil\",\n            \"actual\": 0,\n            \"forecast\": 78.15\n        }\n    ],\n    \"avg_mad\": 6.166666666666667,\n    \"avg_mse\": 79.08333333333333,\n    \"avg_mape\": 6.990338164251209\n}', '2022-06-21 03:35:10'),
(35, 'MTR001', 'week', '0.1', '1548716400', '1548630000', '{\n    \"hasil_perhitungan\": [\n        {\n            \"bulan\": \"2019-01-07\",\n            \"actual\": \"77\",\n            \"forecast\": \"77\"\n        },\n        {\n            \"bulan\": \"2019-01-14\",\n            \"actual\": \"92\",\n            \"forecast\": 77\n        },\n        {\n            \"bulan\": \"2019-01-21\",\n            \"actual\": \"75\",\n            \"forecast\": 78.5\n        },\n        {\n            \"bulan\": \"2019-01-28\",\n            \"actual\": \"48\",\n            \"forecast\": 78.15\n        },\n        {\n            \"bulan\": \"2019-02-01\",\n            \"actual\": \"26\",\n            \"forecast\": 75.135\n        },\n        {\n            \"bulan\": \"Hasil\",\n            \"actual\": 0,\n            \"forecast\": 70.2215\n        }\n    ],\n    \"avg_mad\": 19.557000000000002,\n    \"avg_mse\": 712.1041450000002,\n    \"avg_mape\": 54.552856744704584\n}', '2022-06-21 03:35:22'),
(36, 'MTR001', 'week', '0.1', '1548630000', '1548543600', '{\n    \"hasil_perhitungan\": [\n        {\n            \"bulan\": \"2019-01-07\",\n            \"actual\": \"77\",\n            \"forecast\": \"77\"\n        },\n        {\n            \"bulan\": \"2019-01-14\",\n            \"actual\": \"92\",\n            \"forecast\": 77\n        },\n        {\n            \"bulan\": \"2019-01-21\",\n            \"actual\": \"75\",\n            \"forecast\": 78.5\n        },\n        {\n            \"bulan\": \"Hasil\",\n            \"actual\": 0,\n            \"forecast\": 78.15\n        }\n    ],\n    \"avg_mad\": 6.166666666666667,\n    \"avg_mse\": 79.08333333333333,\n    \"avg_mape\": 6.990338164251209\n}', '2022-06-21 03:35:39'),
(37, 'MTR001', 'week', '0.1', '1547161200', '1547074800', '{\n    \"hasil_perhitungan\": [\n        {\n            \"bulan\": \"2019-01-01\",\n            \"actual\": \"66\",\n            \"forecast\": \"66\"\n        },\n        {\n            \"bulan\": \"2019-01-07\",\n            \"actual\": \"77\",\n            \"forecast\": 66\n        },\n        {\n            \"bulan\": \"Hasil\",\n            \"actual\": 0,\n            \"forecast\": 67.1\n        }\n    ],\n    \"avg_mad\": 5.5,\n    \"avg_mse\": 60.5,\n    \"avg_mape\": 7.142857142857142\n}', '2022-06-21 03:37:00'),
(38, 'MTR001', 'month', '0.1', '1575241200', '1575154800', '{\n    \"hasil_perhitungan\": [\n        {\n            \"bulan\": \"2019-01-01\",\n            \"actual\": \"358\",\n            \"forecast\": \"358\"\n        },\n        {\n            \"bulan\": \"2019-02-01\",\n            \"actual\": \"347\",\n            \"forecast\": 358\n        },\n        {\n            \"bulan\": \"2019-03-01\",\n            \"actual\": \"360\",\n            \"forecast\": 356.9\n        },\n        {\n            \"bulan\": \"2019-04-01\",\n            \"actual\": \"349\",\n            \"forecast\": 357.21\n        },\n        {\n            \"bulan\": \"2019-05-01\",\n            \"actual\": \"379\",\n            \"forecast\": 356.38899999999995\n        },\n        {\n            \"bulan\": \"2019-06-01\",\n            \"actual\": \"380\",\n            \"forecast\": 358.65009999999995\n        },\n        {\n            \"bulan\": \"2019-07-01\",\n            \"actual\": \"419\",\n            \"forecast\": 360.78508999999997\n        },\n        {\n            \"bulan\": \"2019-08-01\",\n            \"actual\": \"377\",\n            \"forecast\": 366.606581\n        },\n        {\n            \"bulan\": \"2019-09-01\",\n            \"actual\": \"374\",\n            \"forecast\": 367.6459229\n        },\n        {\n            \"bulan\": \"2019-10-01\",\n            \"actual\": \"367\",\n            \"forecast\": 368.28133061\n        },\n        {\n            \"bulan\": \"2019-11-01\",\n            \"actual\": \"335\",\n            \"forecast\": 368.15319754899997\n        },\n        {\n            \"bulan\": \"2019-12-01\",\n            \"actual\": \"379\",\n            \"forecast\": 364.8378777941\n        },\n        {\n            \"bulan\": \"Hasil\",\n            \"actual\": 0,\n            \"forecast\": 366.25409001469\n        }\n    ],\n    \"avg_mad\": 15.819163038741673,\n    \"avg_mse\": 500.31707273753324,\n    \"avg_mape\": 4.191654473480308\n}', '2022-06-21 03:41:56'),
(39, 'MTR001', 'week', '0.1', '1549580400', '1549494000', '{\n    \"hasil_perhitungan\": [\n        {\n            \"bulan\": \"2019-01-01\",\n            \"actual\": \"66\",\n            \"forecast\": \"66\"\n        },\n        {\n            \"bulan\": \"2019-01-07\",\n            \"actual\": \"77\",\n            \"forecast\": 66\n        },\n        {\n            \"bulan\": \"2019-01-14\",\n            \"actual\": \"92\",\n            \"forecast\": 67.1\n        },\n        {\n            \"bulan\": \"2019-01-21\",\n            \"actual\": \"75\",\n            \"forecast\": 69.58999999999999\n        },\n        {\n            \"bulan\": \"2019-01-28\",\n            \"actual\": \"48\",\n            \"forecast\": 70.131\n        },\n        {\n            \"bulan\": \"2019-02-01\",\n            \"actual\": \"26\",\n            \"forecast\": 67.9179\n        },\n        {\n            \"bulan\": \"2019-02-04\",\n            \"actual\": \"86\",\n            \"forecast\": 63.726110000000006\n        },\n        {\n            \"bulan\": \"Hasil\",\n            \"actual\": 0,\n            \"forecast\": 65.95349900000001\n        }\n    ],\n    \"avg_mad\": 18.233255714285715,\n    \"avg_mse\": 501.8993967345858,\n    \"avg_mape\": 40.25615420158108\n}', '2022-06-21 03:43:24'),
(40, 'MTR001', 'month', '0.1', '1577833200', '1577746800', '{\n    \"hasil_perhitungan\": [\n        {\n            \"bulan\": \"2019-01-01\",\n            \"actual\": \"358\",\n            \"forecast\": \"358\"\n        },\n        {\n            \"bulan\": \"2019-02-01\",\n            \"actual\": \"347\",\n            \"forecast\": 358\n        },\n        {\n            \"bulan\": \"2019-03-01\",\n            \"actual\": \"360\",\n            \"forecast\": 356.9\n        },\n        {\n            \"bulan\": \"2019-04-01\",\n            \"actual\": \"349\",\n            \"forecast\": 357.21\n        },\n        {\n            \"bulan\": \"2019-05-01\",\n            \"actual\": \"379\",\n            \"forecast\": 356.38899999999995\n        },\n        {\n            \"bulan\": \"2019-06-01\",\n            \"actual\": \"380\",\n            \"forecast\": 358.65009999999995\n        },\n        {\n            \"bulan\": \"2019-07-01\",\n            \"actual\": \"419\",\n            \"forecast\": 360.78508999999997\n        },\n        {\n            \"bulan\": \"2019-08-01\",\n            \"actual\": \"377\",\n            \"forecast\": 366.606581\n        },\n        {\n            \"bulan\": \"2019-09-01\",\n            \"actual\": \"374\",\n            \"forecast\": 367.6459229\n        },\n        {\n            \"bulan\": \"2019-10-01\",\n            \"actual\": \"367\",\n            \"forecast\": 368.28133061\n        },\n        {\n            \"bulan\": \"2019-11-01\",\n            \"actual\": \"335\",\n            \"forecast\": 368.15319754899997\n        },\n        {\n            \"bulan\": \"2019-12-01\",\n            \"actual\": \"379\",\n            \"forecast\": 364.8378777941\n        },\n        {\n            \"bulan\": \"Hasil\",\n            \"actual\": 0,\n            \"forecast\": 366.25409001469\n        }\n    ],\n    \"avg_mad\": 15.819163038741673,\n    \"avg_mse\": 500.31707273753324,\n    \"avg_mape\": 4.191654473480308\n}', '2022-06-22 00:28:58'),
(41, 'MTR001', 'month', '0.1', '1546902000', '1546815600', '{\n    \"hasil_perhitungan\": [\n        {\n            \"bulan\": \"2019-01-01\",\n            \"actual\": \"358\",\n            \"forecast\": \"358\"\n        },\n        {\n            \"bulan\": \"Hasil\",\n            \"actual\": 0,\n            \"forecast\": 358\n        }\n    ],\n    \"avg_mad\": 0,\n    \"avg_mse\": 0,\n    \"avg_mape\": 0\n}', '2022-06-22 14:19:41'),
(42, 'MTR001', 'month', '0.1', '1546902000', '1546815600', '{\n    \"hasil_perhitungan\": [\n        {\n            \"bulan\": \"2019-01-01\",\n            \"actual\": \"358\",\n            \"forecast\": \"358\"\n        },\n        {\n            \"bulan\": \"Hasil\",\n            \"actual\": 0,\n            \"forecast\": 358\n        }\n    ],\n    \"avg_mad\": 0,\n    \"avg_mse\": 0,\n    \"avg_mape\": 0\n}', '2022-06-22 14:20:08'),
(43, 'MTR001', 'week', '0.1', '1546297200', '1553986800', '{\n    \"hasil_perhitungan\": [\n        {\n            \"bulan\": \"2019-01-01\",\n            \"actual\": \"76\",\n            \"forecast\": \"76\"\n        },\n        {\n            \"bulan\": \"2019-01-08\",\n            \"actual\": \"80\",\n            \"forecast\": 76\n        },\n        {\n            \"bulan\": \"2019-01-15\",\n            \"actual\": \"94\",\n            \"forecast\": 76.4\n        },\n        {\n            \"bulan\": \"2019-01-22\",\n            \"actual\": \"67\",\n            \"forecast\": 78.16000000000001\n        },\n        {\n            \"bulan\": \"2019-01-29\",\n            \"actual\": 82,\n            \"forecast\": 77.04400000000001\n        },\n        {\n            \"bulan\": \"2019-02-05\",\n            \"actual\": \"84\",\n            \"forecast\": 77.53960000000002\n        },\n        {\n            \"bulan\": \"2019-02-12\",\n            \"actual\": \"101\",\n            \"forecast\": 78.18564000000002\n        },\n        {\n            \"bulan\": \"2019-02-19\",\n            \"actual\": \"83\",\n            \"forecast\": 80.46707600000002\n        },\n        {\n            \"bulan\": \"2019-03-01\",\n            \"actual\": 91,\n            \"forecast\": 80.72036840000001\n        },\n        {\n            \"bulan\": \"2019-03-05\",\n            \"actual\": \"66\",\n            \"forecast\": 81.74833156000001\n        },\n        {\n            \"bulan\": \"2019-03-12\",\n            \"actual\": \"81\",\n            \"forecast\": 80.173498404\n        },\n        {\n            \"bulan\": \"2019-03-19\",\n            \"actual\": \"80\",\n            \"forecast\": 80.2561485636\n        },\n        {\n            \"bulan\": \"2019-03-26\",\n            \"actual\": 90,\n            \"forecast\": 80.23053370724\n        },\n        {\n            \"bulan\": \"Hasil\",\n            \"actual\": 0,\n            \"forecast\": 81.207480336516\n        }\n    ],\n    \"avg_mad\": 8.184904893258455,\n    \"avg_mse\": 114.87592244115261,\n    \"avg_mape\": 9.777545683224183\n}', '2022-06-22 15:06:01'),
(44, 'MTR001', 'week', '0.9', '1546297200', '1553986800', '{\n    \"hasil_perhitungan\": [\n        {\n            \"bulan\": \"2019-01-01\",\n            \"actual\": \"76\",\n            \"forecast\": \"76\"\n        },\n        {\n            \"bulan\": \"2019-01-08\",\n            \"actual\": \"80\",\n            \"forecast\": 76\n        },\n        {\n            \"bulan\": \"2019-01-15\",\n            \"actual\": \"94\",\n            \"forecast\": 79.6\n        },\n        {\n            \"bulan\": \"2019-01-22\",\n            \"actual\": \"67\",\n            \"forecast\": 92.56\n        },\n        {\n            \"bulan\": \"2019-01-29\",\n            \"actual\": 82,\n            \"forecast\": 69.556\n        },\n        {\n            \"bulan\": \"2019-02-05\",\n            \"actual\": \"84\",\n            \"forecast\": 80.7556\n        },\n        {\n            \"bulan\": \"2019-02-12\",\n            \"actual\": \"101\",\n            \"forecast\": 83.67556\n        },\n        {\n            \"bulan\": \"2019-02-19\",\n            \"actual\": \"83\",\n            \"forecast\": 99.267556\n        },\n        {\n            \"bulan\": \"2019-03-01\",\n            \"actual\": 91,\n            \"forecast\": 84.6267556\n        },\n        {\n            \"bulan\": \"2019-03-05\",\n            \"actual\": \"66\",\n            \"forecast\": 90.36267556\n        },\n        {\n            \"bulan\": \"2019-03-12\",\n            \"actual\": \"81\",\n            \"forecast\": 68.43626755599999\n        },\n        {\n            \"bulan\": \"2019-03-19\",\n            \"actual\": \"80\",\n            \"forecast\": 79.7436267556\n        },\n        {\n            \"bulan\": \"2019-03-26\",\n            \"actual\": 90,\n            \"forecast\": 79.97436267556\n        },\n        {\n            \"bulan\": \"Hasil\",\n            \"actual\": 0,\n            \"forecast\": 88.997436267556\n        }\n    ],\n    \"avg_mad\": 11.294004536372306,\n    \"avg_mse\": 192.26209041821195,\n    \"avg_mape\": 14.24202490520334\n}', '2022-06-22 15:06:13'),
(45, 'MTR001', 'week', '0.1', '1546297200', '1551394800', '{\n    \"hasil_perhitungan\": [\n        {\n            \"bulan\": \"2019-01-01\",\n            \"actual\": \"76\",\n            \"forecast\": \"76\"\n        },\n        {\n            \"bulan\": \"2019-01-08\",\n            \"actual\": \"80\",\n            \"forecast\": 76\n        },\n        {\n            \"bulan\": \"2019-01-15\",\n            \"actual\": \"94\",\n            \"forecast\": 76.4\n        },\n        {\n            \"bulan\": \"2019-01-22\",\n            \"actual\": \"67\",\n            \"forecast\": 78.16000000000001\n        },\n        {\n            \"bulan\": \"2019-01-29\",\n            \"actual\": 82,\n            \"forecast\": 77.04400000000001\n        },\n        {\n            \"bulan\": \"2019-02-05\",\n            \"actual\": \"84\",\n            \"forecast\": 77.53960000000002\n        },\n        {\n            \"bulan\": \"2019-02-12\",\n            \"actual\": \"101\",\n            \"forecast\": 78.18564000000002\n        },\n        {\n            \"bulan\": \"2019-02-19\",\n            \"actual\": \"83\",\n            \"forecast\": 80.46707600000002\n        },\n        {\n            \"bulan\": \"2019-03-01\",\n            \"actual\": 91,\n            \"forecast\": 80.72036840000001\n        },\n        {\n            \"bulan\": \"Hasil\",\n            \"actual\": 0,\n            \"forecast\": 81.74833156000001\n        }\n    ],\n    \"avg_mad\": 8.867035066666658,\n    \"avg_mse\": 127.68731735456588,\n    \"avg_mape\": 10.116829429435565\n}', '2022-06-22 17:07:12'),
(46, 'MTR001', 'week', '0.1', '1546297200', '1546815600', '{\n    \"hasil_perhitungan\": [\n        {\n            \"bulan\": \"2019-01-01\",\n            \"actual\": \"76\",\n            \"forecast\": \"76\"\n        },\n        {\n            \"bulan\": \"Hasil\",\n            \"actual\": 0,\n            \"forecast\": 76\n        }\n    ],\n    \"avg_mad\": 0,\n    \"avg_mse\": 0,\n    \"avg_mape\": 0\n}', '2022-06-23 01:57:59');
INSERT INTO `tb_peramalan` (`id_peramalan`, `kode_barang`, `timeframe`, `alpha`, `tanggalawal`, `tanggalakhir`, `perhitungan`, `created_at`) VALUES
(47, 'MTR001', 'week', '0.1', '1546297200', '1548889200', '{\n    \"hasil_perhitungan\": [\n        {\n            \"bulan\": \"2019-01-01\",\n            \"actual\": \"76\",\n            \"forecast\": \"76\"\n        },\n        {\n            \"bulan\": \"2019-01-08\",\n            \"actual\": \"80\",\n            \"forecast\": 76\n        },\n        {\n            \"bulan\": \"2019-01-15\",\n            \"actual\": \"94\",\n            \"forecast\": 76.4\n        },\n        {\n            \"bulan\": \"2019-01-22\",\n            \"actual\": \"67\",\n            \"forecast\": 78.16000000000001\n        },\n        {\n            \"bulan\": \"2019-01-29\",\n            \"actual\": 82,\n            \"forecast\": 77.04400000000001\n        },\n        {\n            \"bulan\": \"Hasil\",\n            \"actual\": 0,\n            \"forecast\": 77.53960000000002\n        }\n    ],\n    \"avg_mad\": 7.543199999999999,\n    \"avg_mse\": 94.97350719999999,\n    \"avg_mape\": 9.284804622450796\n}', '2022-06-23 01:58:39'),
(48, 'MTR001', 'week', '0.9', '1546297200', '1548889200', '{\n    \"hasil_perhitungan\": [\n        {\n            \"bulan\": \"2019-01-01\",\n            \"actual\": \"76\",\n            \"forecast\": \"76\"\n        },\n        {\n            \"bulan\": \"2019-01-08\",\n            \"actual\": \"80\",\n            \"forecast\": 76\n        },\n        {\n            \"bulan\": \"2019-01-15\",\n            \"actual\": \"94\",\n            \"forecast\": 79.6\n        },\n        {\n            \"bulan\": \"2019-01-22\",\n            \"actual\": \"67\",\n            \"forecast\": 92.56\n        },\n        {\n            \"bulan\": \"2019-01-29\",\n            \"actual\": 82,\n            \"forecast\": 69.556\n        },\n        {\n            \"bulan\": \"Hasil\",\n            \"actual\": 0,\n            \"forecast\": 80.7556\n        }\n    ],\n    \"avg_mad\": 11.280800000000003,\n    \"avg_mse\": 206.30534720000006,\n    \"avg_mape\": 14.728802484722213\n}', '2022-06-23 01:58:59');

-- --------------------------------------------------------

--
-- Struktur dari tabel `tb_satuan`
--

CREATE TABLE `tb_satuan` (
  `id_satuan` int(11) NOT NULL,
  `nama_satuan` varchar(25) NOT NULL,
  `tanggal_pembuatan` timestamp NOT NULL DEFAULT current_timestamp()
) ENGINE=InnoDB DEFAULT CHARSET=latin1;

--
-- Dumping data untuk tabel `tb_satuan`
--

INSERT INTO `tb_satuan` (`id_satuan`, `nama_satuan`, `tanggal_pembuatan`) VALUES
(1, 'Pack', '2022-05-12 19:32:52'),
(2, 'botol', '2022-05-16 16:24:09'),
(3, 'Karung', '2022-06-19 15:08:02'),
(4, 'Unit', '2022-06-21 03:56:19');

-- --------------------------------------------------------

--
-- Struktur dari tabel `tb_users`
--

CREATE TABLE `tb_users` (
  `id_user` int(2) NOT NULL,
  `nama` varchar(75) NOT NULL,
  `username` varchar(20) NOT NULL,
  `password` varchar(70) NOT NULL,
  `level` enum('Admin','Pegawai') NOT NULL,
  `alamat` text NOT NULL,
  `no_telp` varchar(13) NOT NULL,
  `dibuat_pada` timestamp NOT NULL DEFAULT current_timestamp()
) ENGINE=InnoDB DEFAULT CHARSET=latin1;

--
-- Dumping data untuk tabel `tb_users`
--

INSERT INTO `tb_users` (`id_user`, `nama`, `username`, `password`, `level`, `alamat`, `no_telp`, `dibuat_pada`) VALUES
(1, 'Alfon', 'admin', 'f7c3bc1d808e04732adf679965ccc34ca7ae3441', 'Admin', 'Malang', '082131686761', '2022-05-12 19:29:34'),
(2, 'Vito', 'user', '40bd001563085fc35165329ea1ff5c5ecbdbbeef', 'Pegawai', 'Tumpang', '082131686761', '2022-05-12 19:31:03'),
(3, 'Alfonsus Vito', 'alfon', '7c222fb2927d828af22f592134e8932480637c0d', 'Pegawai', '  Malang', '082131686761', '2022-05-16 17:54:38');

--
-- Indexes for dumped tables
--

--
-- Indeks untuk tabel `tb_barang`
--
ALTER TABLE `tb_barang`
  ADD PRIMARY KEY (`kode_barang`),
  ADD KEY `id_satuan` (`id_satuan`);

--
-- Indeks untuk tabel `tb_penjualan_detail`
--
ALTER TABLE `tb_penjualan_detail`
  ADD PRIMARY KEY (`id_penjualan_detail`),
  ADD KEY `kode_barang` (`kode_barang`);

--
-- Indeks untuk tabel `tb_penjualan_info`
--
ALTER TABLE `tb_penjualan_info`
  ADD PRIMARY KEY (`kd_order`),
  ADD KEY `id_user` (`id_user`);

--
-- Indeks untuk tabel `tb_peramalan`
--
ALTER TABLE `tb_peramalan`
  ADD PRIMARY KEY (`id_peramalan`);

--
-- Indeks untuk tabel `tb_satuan`
--
ALTER TABLE `tb_satuan`
  ADD PRIMARY KEY (`id_satuan`);

--
-- Indeks untuk tabel `tb_users`
--
ALTER TABLE `tb_users`
  ADD PRIMARY KEY (`id_user`);

--
-- AUTO_INCREMENT untuk tabel yang dibuang
--

--
-- AUTO_INCREMENT untuk tabel `tb_penjualan_detail`
--
ALTER TABLE `tb_penjualan_detail`
  MODIFY `id_penjualan_detail` int(11) NOT NULL AUTO_INCREMENT, AUTO_INCREMENT=366;

--
-- AUTO_INCREMENT untuk tabel `tb_peramalan`
--
ALTER TABLE `tb_peramalan`
  MODIFY `id_peramalan` int(11) NOT NULL AUTO_INCREMENT, AUTO_INCREMENT=49;

--
-- AUTO_INCREMENT untuk tabel `tb_satuan`
--
ALTER TABLE `tb_satuan`
  MODIFY `id_satuan` int(11) NOT NULL AUTO_INCREMENT, AUTO_INCREMENT=5;

--
-- AUTO_INCREMENT untuk tabel `tb_users`
--
ALTER TABLE `tb_users`
  MODIFY `id_user` int(2) NOT NULL AUTO_INCREMENT, AUTO_INCREMENT=4;

--
-- Ketidakleluasaan untuk tabel pelimpahan (Dumped Tables)
--

--
-- Ketidakleluasaan untuk tabel `tb_barang`
--
ALTER TABLE `tb_barang`
  ADD CONSTRAINT `tb_barang_ibfk_1` FOREIGN KEY (`id_satuan`) REFERENCES `tb_satuan` (`id_satuan`);
COMMIT;

/*!40101 SET CHARACTER_SET_CLIENT=@OLD_CHARACTER_SET_CLIENT */;
/*!40101 SET CHARACTER_SET_RESULTS=@OLD_CHARACTER_SET_RESULTS */;
/*!40101 SET COLLATION_CONNECTION=@OLD_COLLATION_CONNECTION */;
